MaxVersion,Type,Name,Verified,Parameters,Return,DisplayedReturn,ConversionKey,Conversion,NegatedConversion,Notes
9.9.9,Action,AfterWeddingBGMEnd,N/A,,,,,,,
9.9.9,Action,AfterWeddingBGMStart,N/A,,,,,,,
9.9.9,Action,AmiiboNpcOpenMessage,,MessageID: str,,,,,,
9.9.9,Action,BellCountDown,,Money: int; Reverse: bool,,,,,,"Reverse: true = deduct bells, false = add bells"
9.9.9,Action,BeySetFishToy,N/A,,,,,,,
9.9.9,Action,BGMPropertyControl,,BGMProperty: int,,,,,,
9.9.9,Action,BirthdaySwitchCurtain,,Type: int,,,,,,
9.9.9,Action,BirthdaySwitchLight,,Type: int,,,,,,
9.9.9,Action,BoaBuyDone,N/A,,,,,,,
9.9.9,Action,BoaFirstTagSet,,Param0: int,,,,,,
9.9.9,Action,BoaSecondTagSet,,Param0: int; Param1: int,,,,,,
9.9.9,Action,BuildStructure,,StructureType: str; StructureBuildPosType: str; StructureBuildTiming: str,,,,,,
9.9.9,Action,BuildStructureErrorMsg,,StructureType: str; StructureBuildPosType: str; StructureBuildTiming: str,,,,,,
9.9.9,Action,BuildStructurePlayReport,,StructureType: str; StructureBuildPosType: str; StructureBuildTiming: str,,,,,,
9.9.9,Action,CalcJuneBrideScore,N/A,,,,,,,
9.9.9,Action,CalendarEventStartFor2P,N/A,,,,,,,
9.9.9,Action,CameraForWallHangingMyDesign,N/A,,,,,,,
9.9.9,Action,CameraReserveFirstStateCommand,,Command: str,,,,,,
9.9.9,Action,CameraSetDemoExtraParam,,InterpolateKey: str; ExtraParamKey: str,,,,,,
9.9.9,Action,CameraSetDemoParam,,CameraTargetKey: str; CameraParamKey: str; CameraInterpolateKey: str; UseNearCulling: bool; AdjustAngleYOnEnter: bool; AdjustAngleYOnLeave: bool; Arg: int,,,,,,
9.9.9,Action,CancelSharePlayEntry,N/A,,,,,,,
9.9.9,Action,CancelTodayVisitorNpc,N/A,,,,,,,
9.9.9,Action,CandNicknamePattern,N/A,,,,,,,
9.9.9,Action,CatalogMailSend,N/A,,,,,,,
9.9.9,Action,CeremonyEmoticon,,Reaction: str; Frame: int; ReactionGuest: str; ReactionAN: str; ReactionOT: str; ReactionGE: str; ReactionFU: str; ReactionZK: str; ReactionKO: str; ReactionHA: str; ReactionBO: str; ExcludeMainPlayer: bool,,,,,,
9.9.9,Action,CeremonyEquipCracker,,DelayMaxFrame: int; DelayMinFrame: int,,,,,,
1.0.0,Action,CeremonyLookAt,,Target: str; IsExcludeGuest: bool; IsExcludeRco: bool; OffsetX: float; OffsetY: float; OffsetZ: float,,,,,,
9.9.9,Action,CeremonyLookAt,,Target: str; IsExcludeGuest: bool; IsExcludeRco: bool; OffsetX: float; OffsetY: float; OffsetZ: float; IsExcludeFacilitator: bool,,,,,,
9.9.9,Action,CeremonyStandup,N/A,,,,,,,
1.0.0,Action,CeremonyTurn,,Target: str; IsExcludeGuest: bool; IsExcludeRco: bool,,,,,,
9.9.9,Action,CeremonyTurn,,Target: str; IsExcludeGuest: bool; IsExcludeRco: bool; IsExcludeFacilitator: bool,,,,,,
9.9.9,Action,CeremonyUseCracker,N/A,,,,,,,
9.9.9,Action,ChangeAddressUnfinishMail,N/A,,,,,,,
9.9.9,Action,ChangeAmiiboNPC,,Kind: str,,,,,,
9.9.9,Action,ChangeNpcPlace,,NpcPlace: str,,,,,,
9.9.9,Action,ChangeSwitchIdrDreamAromaPot,,IsOn: bool,,,,,,
9.9.9,Action,CharacterEmoticonAction,,Reaction: str; MessageID: str; Frame: int; PlayerAutoEnd: bool; Continue: bool,,,,,,
9.9.9,Action,CheckFreeCommunication,,isShowUI: bool,,,,,,
9.9.9,Action,CheckNfpController,,EntryVariableKeyInt_NpadId: str,,,,,,
9.9.9,Action,ChmFreeAction,,ChmActionType: str,,,,,,
9.9.9,Action,ChySetInsectToy,N/A,,,,,,,
9.9.9,Action,ClearAllNpcOtherPlayerMoveInFlag,N/A,,,,,,,
9.9.9,Action,ClearBoxTransfer,N/A,,,,,,,
9.9.9,Action,ClearCatalogShoppingMsgCardSetting,N/A,,,,,,,
9.9.9,Action,ClearInduceFailRelationFlag,N/A,,,,,,,
9.9.9,Action,CloseMarketShowcase,N/A,,,,,,,
9.9.9,Action,CloseUmbrella,N/A,,,,,,,
9.9.9,Action,CloseVillageGate,N/A,,,,,,,
9.9.9,Action,CmlBuyDone,,Size: int,,,,,,
9.9.9,Action,CmlSelectWallFloor,,CmlItemKind: str,,,,,,
9.9.9,Action,CmlTagSet,,Param0: int; Param1: int; Param2: int,,,,,,
9.9.9,Action,CommuneMailSend,,FromType: str; FileIndex: str; Route: str; LabelIndex: int; Present: str; TagType: str,,,,,,
9.9.9,Action,CompleteSettlerQuestSubject,,SettlerType: int,,,,,,
9.9.9,Action,ControllerConnect,,EntryVariableKeyInt_PlayerIndex: str,,,,,,
9.9.9,Action,ControllerConnectBegin,N/A,,,,,,,
9.9.9,Action,ControllerConnectEnd,,IsNormalEnd: bool,,,,,,
9.9.9,Action,ControllerConnectTimerClose,N/A,,,,,,,
9.9.9,Action,ControllerConnectTimerStart,,Second: int,,,,,,
9.9.9,Action,CountDownCatalogItemPrice,,Reverse: int,,,,,,
9.9.9,Action,CountdownRctManualChoice,N/A,,,,,,,
9.9.9,Action,CreateChoiceMailDestination,,IsNoCancel: bool,,,,,,
9.9.9,Action,CreateSelectNpc,,IsAmiibo: bool,,,,,,
9.9.9,Action,CreateStaticField,N/A,,,,,,,
9.9.9,Action,DecideEventReward,,RewardType: str,,,,,,
9.9.9,Action,DecideEventRewardDIYRecipe,,UnlockType: str,,,,,,the last row in RecipeCraftParam with CraftUnlock=UnlockType is always the last reward
9.9.9,Action,DecideFreeIReward,N/A,,,,,,,
9.9.9,Action,DecideFreeIType,N/A,,,,,,,
9.9.9,Action,DecideHandleNameMemory,,SearchTarget: int,,,,,,
9.9.9,Action,DecideNextJuneBrideTheme,N/A,,,,,,,
9.9.9,Action,DecideOpenCraftRecipe,,CraftRecipeOpenType: str,,,,,,
9.9.9,Action,DecideRecoverySaveChoice,N/A,,,,,,,
9.9.9,Action,DecideRecoverySaveSingle,N/A,,,,,,,
9.9.9,Action,DecideRumorPlayer,,SelectPlayerType: int,,,,,,
9.9.9,Action,DecideSettlerNpc,,SettlerType: int,,,,,,
9.9.9,Action,DeleteFutureMail,N/A,,,,,,,
9.9.9,Action,DeletePreviewStructure,,StructureType: str; StructureBuildPosType: str,,,,,,
9.9.9,Action,DeleteRequireExchangeItem,N/A,,,,,,,
9.9.9,Action,DeleteSelectedSettlerQuestInsideMaterial,,SettlerType: int; InsideMaterialType: int,,,,,,
9.9.9,Action,DeleteSelectUIItem,,DeleteNum: int,,,,,,
1.0.0,Action,DeleteTargetItem,,ItemUniqueId: int; DeleteNum: int,,,,,,
9.9.9,Action,DeleteTargetItem,,ItemUniqueId: int; DeleteNum: int; IsPriorityFewItems: bool,,,,,,
9.9.9,Action,DeleteUnfinishMail,N/A,,,,,,,
9.9.9,Action,DemoSetShareStartFlag,N/A,,,,,,,
9.9.9,Action,DemoShareStartEnd,N/A,,,,,,,
9.9.9,Action,DisappearChatBaloon,,BaloonType: str,,,,,,
9.9.9,Action,DreamUploadEffect,,UploadEffectString: str,,,,,,
9.9.9,Action,DropIntoPostOffice,,TmpMailInstance: str,,,,,,
9.9.9,Action,Dummy,,Comment: str,,,,,,
9.9.9,Action,EmitDoorSound,,DoorSoundType: str,,,,,,
9.9.9,Action,EmoticonTalkMessage,N/A,,,,,,,
9.9.9,Action,EntryBirthDayMessage,N/A,,,,,,,
9.9.9,Action,EntryPlayerVillager,N/A,,,,,,,
9.9.9,Action,EntryVariableAdd,,Key: str; AddValue: int,,,,<<Key>> += <AddValue>,,
9.9.9,Action,EntryVariableSet,,Key: str; SetValue: any,,,,<<Key>> = <SetValue>,,
9.9.9,Action,EnvSetDemoTime,,Hour: int; Minute: int; Second: int,,,,,,
9.9.9,Action,EnvWeatherArea,,WeatherAreaLand: str,,,,,,
9.9.9,Action,EquipCracker,N/A,,,,,,,
9.9.9,Action,EquipPinataStick,N/A,,,,,,,
9.9.9,Action,EventCstmAction,,Type: int,,,,,,
9.9.9,Action,EventFlagAllSharePlayPlayer,,AccessKey: str,,,,,,
9.9.9,Action,EventFlagNpcAdd,,AccessKey: str; AddNum: int,,,,<.actor>.EventFlags[<AccessKey>] += <AddNum>,,
9.9.9,Action,EventFlagNpcOff,,AccessKey: str,,,,<.actor>.EventFlags[<AccessKey>] = false,,
9.9.9,Action,EventFlagNpcOn,,AccessKey: str,,,,<.actor>.EventFlags[<AccessKey>] = true,,
9.9.9,Action,EventFlagNpcSet,,AccessKey: str; SetNum: int,,,,<.actor>.EventFlags[<AccessKey>] = <SetNum>,,
9.9.9,Action,EventFlagOffAllLiver,,AccessKey: str,,,,,,
9.9.9,Action,EventFlagResetAllLiver,,AccessKey: str,,,,,,
9.9.9,Action,EventFlagSystemAdd,,AccessKey: str; AddNum: int,,,,System.EventFlags[<AccessKey>] += <AddNum>,,
9.9.9,Action,EventFlagSystemOff,,AccessKey: str,,,,System.EventFlags[<AccessKey>] = false,,
9.9.9,Action,EventFlagSystemOn,,AccessKey: str,,,,System.EventFlags[<AccessKey>] = true,,
9.9.9,Action,EventFlagSystemSet,,AccessKey: str; SetNum: int,,,,System.EventFlags[<AccessKey>] = <SetNum>,,
9.9.9,Action,EventFlagTempAllClear,N/A,,,,,,,
9.9.9,Action,EventFlaResetAllLiver,,AccessKey: str,,,,,,
9.9.9,Action,ExitFlowchart,N/A,,,,,,,
9.9.9,Action,FadeIn,,IsWait: bool,,,,,,
9.9.9,Action,FadeOut,,FadeInKindString: str; FadeOutKindString: str; FadeColorString: str; FadeInSpeed: float; FadeOutSpeed: float; IsUseDucking: bool,,,,,,
9.9.9,Action,FoxItemCheck,N/A,,,,,,,
9.9.9,Action,FoxSetBuyItem,N/A,,,,,,,
9.9.9,Action,FoxSoldOutTagVisible,N/A,,,,,,,
9.9.9,Action,FtrChangeSwitch,,IsOn: bool,,,,,,
9.9.9,Action,FtrOpenMessageBromideMotto,N/A,,,,,,,
9.9.9,Action,FtrSetTagBromideInfo,N/A,,,,,,,
9.9.9,Action,FtrTrashBoxRingSE,N/A,,,,,,,
9.9.9,Action,GetDreamID,N/A,,,,,,,
9.9.9,Action,GstDecideReward,,"NotCollect: bool; ItemGroup: enum[Furniture,Wallpaper,Flooring,Clothing]; PriceBottom: int; PriceTop: int",,,,,,
9.9.9,Action,GulFreeAction,,GulActionType: str,,,,,,
9.9.9,Action,HgcSetOutfit,N/A,,,,,,,
9.9.9,Action,HgcThemeMessage,N/A,,,,,,,
9.9.9,Action,HghFreeAction,,HghActionType: str,,,,,,
9.9.9,Action,HghRevertToTailorDefault,N/A,,,,,,,
9.9.9,Action,HghSetMannequinSelectItem,,Select: int,,,,,,
9.9.9,Action,HghSetTagMannequinItem,N/A,,,,,,,
9.9.9,Action,HoldGalleryCamera,N/A,,,,,,,
9.9.9,Action,InsectFishBoxSellCalc,,EntryVariableKeyInt_SellTotal: str; Rate: float,,,,,,
9.9.9,Action,InsectFishBoxSellDone,,Rate: float,,,,,,
9.9.9,Action,ItemRemove,N/A,,,,,,,
9.9.9,Action,LifeSupportPointCountDown,,Point: int; Reverse: bool,,,,,,
9.9.9,Action,LookAtPos,,LookAtType: int; PosX: float; PosY: float; PosZ: float,,,,,,
9.9.9,Action,MakeVisitPRoomInfo,N/A,,,,,,,
9.9.9,Action,MarketShowcase,,ShowcaseAction: str,,,,,,
9.9.9,Action,MessageLockNext,,WaitIconType: int,,,,,,
9.9.9,Action,MessageSuspend,N/A,,,,,,,
9.9.9,Action,MessageUnlockNext,N/A,,,,,,,
9.9.9,Action,MilagePackageSend,N/A,,,,,,,
9.9.9,Action,MiniGameSilentCancel,N/A,,,,,,,
9.9.9,Action,MoveIntoLandForSale,N/A,,,,,,,
9.9.9,Action,MuseumNameBoardArtCamera,,EntryVariableKeyInt_LoopNum: str,,,,,,
9.9.9,Action,MuseumNameBoardCamera,,EntryVariableKeyInt_LoopNum: str,,,,,,
9.9.9,Action,MuseumNameBoardFossilCamera,,EntryVariableKeyInt_LoopNum: str,,,,,,
9.9.9,Action,MyDesignExchangeResetError,N/A,,,,,,,
9.9.9,Action,NetBreakUpSessionVillage,,Command: str; IsErrorHandling: bool,,,,,,
9.9.9,Action,NetCancelDownloadDream,N/A,,,,,,,
9.9.9,Action,NetCaptureScreenshot,N/A,,,,,,,
9.9.9,Action,NetCheckNSA,,Command: str; IsErrorHandling: bool,,,,,,
9.9.9,Action,NetCheckProfileBan,,IsSkipError: str,,,,,,
9.9.9,Action,NetCloseSession,,Command: str; IsErrorHandling: bool,,,,,,
9.9.9,Action,NetConnectInit,,Command: str; IsErrorHandling: bool,,,,,,
9.9.9,Action,NetCreateSessionVillage,,Type: str,,,,,,
9.9.9,Action,NetDeleteDream,N/A,,,,,,,
9.9.9,Action,NetDeleteMyDesign,N/A,,,,,,,
9.9.9,Action,NetDemoLock,,Situation: int,,,,,,
9.9.9,Action,NetDemoNextStep,,Step: str,,,,,,
9.9.9,Action,NetDestroySessionVillage,,Command: str; IsErrorHandling: bool,,,,,,
9.9.9,Action,NetDownloadDream,N/A,,,,,,,
9.9.9,Action,NetEndSessionVillage,,Command: str; IsErrorHandling: bool,,,,,,
9.9.9,Action,NetEnsureNSA,N/A,,,,,,,
9.9.9,Action,NetEnterDream,N/A,,,,,,,
9.9.9,Action,NetEnterVillage,N/A,,,,,,,
9.9.9,Action,NetExitDream,,IsErrorExit: bool,,,,,,
9.9.9,Action,NetFindSessionVillage,,Type: str,,,,,,
9.9.9,Action,NetForceQuitSession,N/A,,,,,,,
9.9.9,Action,NetForceResetUser,N/A,,,,,,,
9.9.9,Action,NetForceSetUser,N/A,,,,,,,
9.9.9,Action,NetFriendMailCheck,N/A,,,,,,,
9.9.9,Action,NetGetDesignerID,,IsErrorHandling: bool,,,,,,
9.9.9,Action,NetGetPOPID,,IsErrorHandling: bool,,,,,,
9.9.9,Action,NetGoToDream,N/A,,,,,,,
9.9.9,Action,NetInitLocal,,Command: str; IsErrorHandling: bool,,,,,,
9.9.9,Action,NetJoinSessionVillage,N/A,,,,,,,
9.9.9,Action,NetLeaveSessionVillage,,Command: str; IsErrorHandling: bool,,,,,,
9.9.9,Action,NetLoginNEX,,Command: str; IsErrorHandling: bool,,,,,,
9.9.9,Action,NetMeasureBitRate,N/A,,,,,,,
9.9.9,Action,NetOpenSession,,Command: str; IsErrorHandling: bool,,,,,,
9.9.9,Action,NetReceiveBcat,N/A,,,,,,,
9.9.9,Action,NetReceiveMail,N/A,,,,,,,
9.9.9,Action,NetReissuePassword,N/A,,,,,,,
9.9.9,Action,NetReplyDream,,Kind: str,,,,,,
9.9.9,Action,NetReturnFromDream,N/A,,,,,,,
9.9.9,Action,NetSearchDream,,Type: str,,,,,,
9.9.9,Action,NetSearchMyDesign,,Type: str,,,,,,
9.9.9,Action,NetSendMail,N/A,,,,,,,
9.9.9,Action,NetSendMailAfterFailProc,N/A,,,,,,,
9.9.9,Action,NetSendMailPreProc,,FlowType: str,,,,,,
9.9.9,Action,NetShutdown,,Command: str; IsErrorHandling: bool,,,,,,
9.9.9,Action,NetUpdateFriendLandWithInterval,,Interval: int,,,,,,
9.9.9,Action,NetUpdateFriendList,,Type: str,,,,,,
9.9.9,Action,NetUploadDream,N/A,,,,,,,
9.9.9,Action,NetWaitDemo,,Kind: str,,,,,,
9.9.9,Action,NextGoTo,,NextInfoKey: str; FadeInKindString: str; FadeOutKindString: str; FadeColorString: str; FadeInSpeed: float; FadeOutSpeed: float,,,,,,
9.9.9,Action,NextLPFadeOff,N/A,,,,,,,
9.9.9,Action,NextLPFadeTime,,FadeSec: float,,,,,,
9.9.9,Action,NoticeGameStartForPlayReport,N/A,,,,,,,
9.9.9,Action,NotifyUseNSOAppli,,Command: str; IsErrorHandling: bool,,,,,,
9.9.9,Action,NpcAddBlackBoard,,Key: str; AddValue: int,,,,,,
9.9.9,Action,NpcAddFriendship,Yes,AddValue: int,,,,,,cannot cause a drop in friendship level (e.g. NpcAddFriendship(-100) with 230 friendship points => 200 points (min for Lv6))
9.9.9,Action,NpcAIDefaultSetting,,ClearPreset: int,,,,,,
9.9.9,Action,NpcAISetCheckRobFunc,,TalkEventFlowName: str; TalkEntryPointName: str; AIEntryPointName: str; CheckRobType: str; IsUnregist: bool; RobContinue: bool,,,,,,
9.9.9,Action,NpcAISetExitStrc,,Reaction: str; TriggerType: str; Frame: int,,,,,,
9.9.9,Action,NpcAISetLookIKParamKey,,ParamKey: str,,,,,,
9.9.9,Action,NpcAISetPos,,SetAngle: float; SetPosX: float; SetPosZ: float; IsUseCreateOffset: bool,,,,,,
9.9.9,Action,NpcAISetPosByNextInfo,,NextGoTo: str; OffsetX: int; OffsetZ: int,,,,,,
9.9.9,Action,NpcAISetPosByRail,,RailID: int; PointIdx: int; SetAngle: float; IsSetAngle: bool,,,,,,
9.9.9,Action,NpcAISetRequestSpeakFunc,,SpeakType: str; IsPlayingWithOther: bool,,,,,,
9.9.9,Action,NpcAISetStandupBeforeTalk,N/A,,,,,,,
9.9.9,Action,NpcAISetting,,SettingType: int; Flag: bool,,,,,,
9.9.9,Action,NpcAITalkCastSetting,,SetupKey: str,,,,,,
9.9.9,Action,NpcAITalkSubCastEntry,,CastID: int; FindLabel: str,,,,,,
9.9.9,Action,NpcBalloonRequest,,AppearType: str; MessageID: str; XLinkAction: str; DispFrame: int,,,,,,
9.9.9,Action,NpcBalloonTalkAll,,Type: int,,,,,,
9.9.9,Action,NpcChangeAIState,,StateName: str; TalkEventFlowName: str; TalkEntryPointName: str; SubEntryName: str; IsChangeSameState: bool; IsChangePreState: bool,,,,,,
9.9.9,Action,NpcChangeAIStateCstm,,TalkEventFlowName: str; TalkEntryPointName: str; CstmType: int; ExtendParam: str,,,,,,
9.9.9,Action,NpcChangeBlockWanderState,,StateName: str; TalkEntryPointName: str; TalkEventFlowName: str; SubEntryName: str; IsChangeSameState: bool; IsChangePreState: bool; ArgFlag0: bool; ArgInt0: int; ArgInt1: int; ArgInt2: int; ArgInt3: int,,,,,,
9.9.9,Action,NpcChangeChangeHandToolState,,StateName: str; TalkEntryPointName: str; TalkEventFlowName: str; SubEntryName: str; IsChangeSameState: bool; IsChangePreState: bool; HandToolItem: int,,,,,,
9.9.9,Action,NpcChangeConversationPretenseState,,StateName: str; TalkEntryPointName: str; TalkEventFlowName: str; SubEntryName: str; IsChangeSameState: bool; IsChangePreState: bool; ArgInt0: int; ArgStr0: str,,,,,,
9.9.9,Action,NpcChangeGoToDestinationState,,StateName: str; TalkEntryPointName: str; TalkEventFlowName: str; SubEntryName: str; IsChangeSameState: bool; IsChangePreState: bool; ArgInt0: int; ArgInt1: int; ArgInt2: int,,,,,,
9.9.9,Action,NpcChangeHandTool,,IsImmediately: bool; SpecificToolKindString: str; HandToolItemID: int,,,,,,
9.9.9,Action,NpcChangeHeadCtrlMode,,HeadCtrlMode: str; IsUseTiredLookAt: bool,,,,,,
9.9.9,Action,NpcChangeInvisibleState,,StateName: str; TalkEntryPointName: str; TalkEventFlowName: str; SubEntryName: str; IsChangeSameState: bool; IsChangePreState: bool; ArgInt0: int,,,,,,
9.9.9,Action,NpcChangeNameStatus,,NameStatus: int,,,,,,
9.9.9,Action,NpcChangeOwlPostTalkState,,StateName: str; TalkEntryPointName: str; TalkEventFlowName: str; SubEntryName: str; IsChangeSameState: bool; IsChangePreState: bool; ArgInt0: int,,,,,,
9.9.9,Action,NpcChangeOwlWaitState,,StateName: str; TalkEntryPointName: str; TalkEventFlowName: str; SubEntryName: str; IsChangeSameState: bool; IsChangePreState: bool; ArgStr0: str; ArgFlag0: bool; ArgInt0: int,,,,,,
9.9.9,Action,NpcChangeSpNpcTurnState,,StateName: str; TalkEntryPointName: str; TalkEventFlowName: str; SubEntryName: str; IsChangeSameState: bool; IsChangePreState: bool; ArgInt0: int; ArgInt1: int; ArgInt2: int; ArgInt3: int; ArgFlag0: bool; ArgFlag1: bool; ArgStr0: str; ArgStr1: str,,,,,,
9.9.9,Action,NpcChangeSpVisitorTurnState,,StateName: str; TalkEntryPointName: str; TalkEventFlowName: str; SubEntryName: str; IsChangeSameState: bool; IsChangePreState: bool; ArgInt0: int; ArgInt1: int; ArgInt2: int; ArgInt3: int; ArgFlag0: bool; ArgFlag1: bool; ArgStr0: str; ArgStr1: str,,,,,,
9.9.9,Action,NpcChangeTurnDefaultState,,StateName: str; SubEntryName: str; TalkEntryPointName: str; TalkEventFlowName: str; IsChangePreState: bool; IsChangeSameState: bool; ArgFlag0: bool; ArgInt0: int; ArgFloat0: float; ArgStr1: str,,,,,,
9.9.9,Action,NpcChangeWaitState,,StateName: str; TalkEntryPointName: str; TalkEventFlowName: str; SubEntryName: str; IsChangeSameState: bool; IsChangePreState: bool; ArgInt0: int; ArgFlag0: bool; ArgStr0: str,,,,,,
9.9.9,Action,NpcClearHitParam,N/A,,,,,,,
9.9.9,Action,NpcCopyPhrase,N/A,,,,,,,
9.9.9,Action,NpcDecideCatchRequestItem,N/A,,,,,,,
9.9.9,Action,NpcDecideDeliveryQuestReward,,RewardTypeSub: int; RewardType: int,,,,,,
9.9.9,Action,NpcDecideGeneralQuestReward,,RewardTypeSub: int; RewardType: int,,,,,,
9.9.9,Action,NpcDecideOrderBeforeItem,,ItemType: str,,,,,,
9.9.9,Action,NpcDecideRewardByCondition,,Price: int; ItemGroup: int; GreatorEqual: bool; NotCollect: bool,,,,,,
9.9.9,Action,NpcDecideRewardFloorWall,,RewardType: int; RewardTypeSub: int,,,,,,
9.9.9,Action,NpcDecideSelectSellBuyPrice,,BuyPriceType: str,,,,,,
9.9.9,Action,NpcDecideVisitPQuestReward,,RewardType: int; RewardTypeSub: int,,,,,,
9.9.9,Action,NpcDecideVisitPresent,,RewardType: int; RewardTypeSub: int,,,,,,
9.9.9,Action,NpcDeleteBuyFtr,N/A,,,,,,,
9.9.9,Action,NpcDelivery,,Option: str; Command: int,,,,,,
9.9.9,Action,NpcDisableServiceMotion,N/A,,,,,,,
9.9.9,Action,NpcEnter,,NextInfoKey: str; Distance: int,,,,,,
9.9.9,Action,NpcEnterDoor,,HoldOpen: bool,,,,,,
9.9.9,Action,NpcEventItemSet,,ItemUniqueId: int; TagID: int; InsertTarget: str; EntryVariableKeyInt_ItemPrice: str,,,,,,
9.9.9,Action,NpcFixedInducement,N/A,,,,,,,
9.9.9,Action,NpcGstChange,,CurrentType: int,,,,,,
9.9.9,Action,NpcInitializeActivity,,VillagerIndex: int,,,,,,
9.9.9,Action,NpcMailSend,,FileIndex: str; Present: str; LabelIndex: int; Route: str; TagType: str,,,,,,
9.9.9,Action,NpcMailSendRandom,,FileIndex: str; LabelIndexBegin: int; LabelIndexEnd: int; TagType: str; Present: str; Route: str,,,,,,
9.9.9,Action,NpcMoveDirection,,Distance: float; Angle: float; IsUseFollower: bool; MoveType: int,,,,,,
9.9.9,Action,NpcMoveToPlayer,N/A,,,,,,,
9.9.9,Action,NpcOpenFacilityMessage,N/A,,,,,,,
9.9.9,Action,NpcOpenFreeMessage,,OpenMessageType: str,,,,,,
9.9.9,Action,NpcOpenRumorMessage,N/A,,,,,,,
9.9.9,Action,NpcOpenTradeBanReasonMessage,N/A,,,,,,,
9.9.9,Action,NpcPastDaysFromLastTalkDateToTag,N/A,,,,,,,
9.9.9,Action,NpcPinataCheer,N/A,,,,,,,
9.9.9,Action,NpcPlayerActivity,,ActivityType: str,,,,,,
9.9.9,Action,NpcPlayReport,,NpcPlayReportKind: str; Num0: int,,,,,,
9.9.9,Action,NpcQuestControl,,Next: str,,,,,,
9.9.9,Action,NpcQuestFlagOff,,QuestFlag: str,,,,<.actor>.QuestFlags[<QuestFlag>] = false,,
9.9.9,Action,NpcQuestFlagOn,,QuestFlag: str,,,,<.actor>.QuestFlags[<QuestFlag>] = true,,
9.9.9,Action,NpcQuitMoveOutProposal,N/A,,,,,,,
9.9.9,Action,NpcRailMove,,RailID: int; PointA: int; PointB: int; MoveType: int; IsReverse: bool; IsWarp: bool,,,,,,
9.9.9,Action,NpcReaction,,ReactionType: str,,,,,,
9.9.9,Action,NpcRegistAIBlackBoard,,Key: str; Value: int,,,,,,
9.9.9,Action,NpcRequestAction,,ActionIdx: int,,,,,,
9.9.9,Action,NpcReservrForErase,N/A,,,,,,,
9.9.9,Action,NpcRumorDecidePlayer,,RumorPlayerSelectType: str,,,,,,
9.9.9,Action,NpcRumorDecideTopic,,TopicSelectType: str,,,,,,
9.9.9,Action,NpcRumorOpenMessage,,MessageBaseLabel: str; RumorMessageType: str,,,,,,
9.9.9,Action,NpcRumorResetLastDenyTime,N/A,,,,,,,
9.9.9,Action,NpcRumorSaveAnswer,N/A,,,,,,,
9.9.9,Action,NpcRumorTagSet,N/A,,,,,,,
9.9.9,Action,NpcSaveNickname,,From: str,,,,,,
9.9.9,Action,NpcSelectFreeTalk,,StartType0: str; StartType1: str; StartType2: str; StartType3: str; MessageID0: str; MessageID1: str; MessageID2: str; MessageID3: str; IsCheckAttr: bool,,,,,,
9.9.9,Action,NpcSelectMessage,,StartType0: str; StartType1: str; StartType2: str; StartType3: str; MessageID0: str; MessageID1: str; MessageID2: str; MessageID3: str,,,,,,
9.9.9,Action,NpcSetAIBlackBoard,,Key: str; Value: int,,,,,,
9.9.9,Action,NpcSetExchangeMoney,,EntryVariableKeyInt_ItemPrice: str; EntryVariableKeyBool_Reverse: str; AddType: str; PriceType: str,,,,,,
9.9.9,Action,NpcSetFeelSource,,FeelSource: int,,,,,,
9.9.9,Action,NpcSetFeelSourceActorName,N/A,,,,,,,
9.9.9,Action,NpcSetHitTimer,,Timer: int,,,,,,
9.9.9,Action,NpcSetLastLandWord,N/A,,,,,,,
9.9.9,Action,NpcSetMoveLandWord,N/A,,,,,,,
9.9.9,Action,NpcSetNicknameToTag,,From: str,,,,,,
9.9.9,Action,NpcSetPlayerProfileComment,N/A,,,,,,,
9.9.9,Action,NpcSetQuestRewardToPlayerBaggage,,SetType: str,,,,,,
9.9.9,Action,NpcSetReactionType,,ReactionType: str,,,,,,
9.9.9,Action,NpcSetRewardRecipe,,ItemUniqueId: int; DIYNpcItem: bool,,,,,,
9.9.9,Action,NpcSetShowFlag,N/A,,,,,,,
9.9.9,Action,NpcSetSurpriseVisitDate,N/A,,,,,,,
9.9.9,Action,NpcSetTalkDistance,,Distance: float,,,,,,
9.9.9,Action,NpcSetTalkManualChoice,N/A,,,,,,,
9.9.9,Action,NpcSetTradeFtrInfo,,EntryVariableKeyInt_ItemPrice: str,,,,,,
9.9.9,Action,NpcSetVisibleAction,,Visible: bool,,,,,,
9.9.9,Action,NpcStartAS,,ASType: str; IsWaitEnd: bool; IsContinueEmot: bool,,,,,,
9.9.9,Action,NpcTreasureQuestSetting,N/A,,,,,,,
9.9.9,Action,NpcTreasureToDust,N/A,,,,,,,
9.9.9,Action,NpcVisitQuestGoHome,N/A,,,,,,,
9.9.9,Action,NpcVoiceEchoOff,N/A,,,,,,,
9.9.9,Action,NpcVoiceEchoOn,N/A,,,,,,,
9.9.9,Action,NpcWaitTalkPrepare,N/A,,,,,,,
9.9.9,Action,NpcWaitTurn,N/A,,,,,,,
9.9.9,Action,NpcWearNewYearHat,N/A,,,,,,,
9.9.9,Action,OpenMessageNameBoardArtExplain,,EntryVariableKeyInt_LoopNum: str; DisplayNum: int,,,,,,
9.9.9,Action,OpenMessageStampRackSpotExplain,N/A,,,,,,,
9.9.9,Action,OpenMessageStampRackSpotName,N/A,,,,,,,
9.9.9,Action,OpenMessageWindow,,MessageID: str; IsCloseMessageWindow: bool,,,,,,
9.9.9,Action,OpenSelectedSequenceCraftRecipe,N/A,,,,,,,
9.9.9,Action,OpenVillageGate,,IsColDisable: bool,,,,,,
9.9.9,Action,OpenVillageList,N/A,,,,,,,
9.9.9,Action,OverWriteFadeSetting,,FadeInKindString: str; FadeOutKindString: str; FadeColorString: str; FadeInSpeed: float; FadeOutSpeed: float,,,,,,
9.9.9,Action,OwlDinosaurTagSet,N/A,,,,,,,
9.9.9,Action,OwlDonationDone,,EntryVariableKeyBool_MultiComplete: str; EntryVariableKeyInt_CompleteRoomType: str,,,,,,
9.9.9,Action,OwlFossilAppraise,N/A,,,,,,,
9.9.9,Action,OwlOpenItemMessage,N/A,,,,,,,
9.9.9,Action,Pinata,,ActionType: int,,,,,,
9.9.9,Action,PlayerBaggageOperationForEvent,,OperationType: str,,,,,,
9.9.9,Action,PlayerBirthdayForbidStartUI,,ForbidUIType: int,,,,,,
9.9.9,Action,PlayerBirthdayRestoreBGM,N/A,,,,,,,
9.9.9,Action,PlayerBirthdayScheduleEnd,N/A,,,,,,,
9.9.9,Action,PlayerBirthdayStartBGM,N/A,,,,,,,
9.9.9,Action,PlayerBirthdayStopOriginalBGM,N/A,,,,,,,
9.9.9,Action,PlayerBirthdayTurnBodyToTable,N/A,,,,,,,
9.9.9,Action,PlayerBirthdayWarpNpcForCandleBlow,N/A,,,,,,,
9.9.9,Action,PlayerCandleBlow,N/A,,,,,,,
9.9.9,Action,PlayerChairStandup,N/A,,,,,,,
9.9.9,Action,PlayerChangeDemoState,,ChangeDemoState: str,,,,,,
9.9.9,Action,PlayerChangeStateDemoTalk,N/A,,,,,,,
9.9.9,Action,PlayerClearFoodPowerup,N/A,,,,,,,
9.9.9,Action,PlayerDemoMove,,Direction: str; Distance: int,,,,,,
9.9.9,Action,PlayerDemoTurn,,Direction4: str,,,,,,
9.9.9,Action,PlayerDemoTurnToStarter,N/A,,,,,,,
9.9.9,Action,PlayerDrawEasterEggRecipe,,EggType: str,,,,,,
9.9.9,Action,PlayerHouseSetRoofColor,,RoofColor: str,,,,,,
9.9.9,Action,PlayerLanding,N/A,,,,,,,
9.9.9,Action,PlayerMoveToTarget,,TargetX: float; TargetZ: float; MiddleTargetX: float; MiddleTargetZ: float; StateAfterWait: str; UseStateAfterWait: bool; PosIsOffset: bool,,,,,,
9.9.9,Action,PlayerOpenDiveFishGetMessage,N/A,,,,,,,
9.9.9,Action,PlayerOpenEmoticonGetMessage,N/A,,,,,,,
9.9.9,Action,PlayerOpenFishGetMessage,N/A,,,,,,,
9.9.9,Action,PlayerOpenInsectGetMessage,N/A,,,,,,,
9.9.9,Action,PlayerOpenShellFishGetMessage,N/A,,,,,,,
9.9.9,Action,PlayerOutfitFieldMakeToolKit,,FieldMakeToolKit: str,,,,,,
9.9.9,Action,PlayerPinataWait,N/A,,,,,,,
9.9.9,Action,PlayerPlayCompleteAnimation,N/A,,,,,,,
9.9.9,Action,PlayerPlayPutawayWaitAnimation,N/A,,,,,,,
9.9.9,Action,PlayerPlayWaitAnimation,N/A,,,,,,,
9.9.9,Action,PlayerPulloutSmoothie,N/A,,,,,,,
9.9.9,Action,PlayerPurchaseBoxThinking,N/A,,,,,,,
9.9.9,Action,PlayerPutawayFish,N/A,,,,,,,
9.9.9,Action,PlayerPutawaySmoothie,N/A,,,,,,,
9.9.9,Action,PlayerRequestSimple,,AsCommand: str; WaitFinish: bool,,,,,,
9.9.9,Action,PlayerResetCraftRecipe,,UnlockType: str,,,,,,
9.9.9,Action,PlayerSetCraftRecipe,,ItemUniqueId: int; UnlockType: str,,,,,,
9.9.9,Action,PlayerSetLoan,,Bells: int,,,,,,
9.9.9,Action,PlayerStartAnimeBedWait,N/A,,,,,,,
9.9.9,Action,PlayerStartAnimeBedWaitOpenEyes,N/A,,,,,,,
9.9.9,Action,PlayerStartAnimeBedWaitWithHandsClasped,N/A,,,,,,,
9.9.9,Action,PlayerStartAnimeBedWaitWithHandsClaspedOpenEyes,N/A,,,,,,,
9.9.9,Action,PlayerStickLightNewYear,N/A,,,,,,,
9.9.9,Action,PlayerToolPutaway,N/A,,,,,,,
9.9.9,Action,PlayerTotakekeLiveGetRhythm,N/A,,,,,,,
9.9.9,Action,PlayerTotakekeTurnToStarter,N/A,,,,,,,
9.9.9,Action,PlayerWaitAsFinish,N/A,,,,,,,
9.9.9,Action,PlayerWaitTurn,N/A,,,,,,,
9.9.9,Action,PlayerWarp,,WarpType: str,,,,,,
9.9.9,Action,PlayerWorkbenchGetDemo,,IsSkipGetDemoCameraPop: bool; IsSkipFanfareSE: bool; IsRemake: bool,,,,,,
9.9.9,Action,PlayerWorkbenchMaking,,IsRemake: bool,,,,,,
9.9.9,Action,PlayerWorkbenchPutaway,,IsRemake: bool,,,,,,
9.9.9,Action,PlayerWorkbenchThinking,N/A,,,,,,,
9.9.9,Action,PlayReport,,Num0: int; PlayReportKind: str,,,,,,
9.9.9,Action,PrepareSharePlayEntry,N/A,,,,,,,
9.9.9,Action,PreviewStructure,,StructureType: str; StructureBuildPosType: str; StructureBuildTiming: str,,,,,,
9.9.9,Action,PublicWorksSetBell,,TagID: int; MoneyType: str,,,,,,
9.9.9,Action,PublicWorksSetName,,TagID: int,,,,,,
9.9.9,Action,PublicWorksUpdate,N/A,,,,,,,
9.9.9,Action,PutawayPinataStick,N/A,,,,,,,
9.9.9,Action,PynAddExchangeItem,N/A,,,,,,,
9.9.9,Action,PynCalcExchangeEggNum,N/A,,,,,,,
9.9.9,Action,PynDeleteTargetExchangeEgg,N/A,,,,,,,
9.9.9,Action,PynSetEggExchangeRate,,ExchangeNum: int,,,,,,
9.9.9,Action,PynSetExchangeItem,,ItemUniqueId: int,,,,,,
9.9.9,Action,QuestStartOpenMessageWindow,,MessageID: str; IsCloseMessageWindow: bool; IsEnd: bool,,,,,,
9.9.9,Action,QuitSharePlay,N/A,,,,,,,
9.9.9,Action,RcoStandUpChair,N/A,,,,,,,
9.9.9,Action,RctSetNewYearHat,,SelectIndex: int,,,,,,
9.9.9,Action,ReadAmiibo,,EntryVariableKeyInt_ReadPadId: str,,,,,,
9.9.9,Action,ReconnectPlayerVIllager,,ReconnectPlayerVillager: str,,,,,,
9.9.9,Action,ReflectFinishedJuneBrideTheme,N/A,,,,,,,
9.9.9,Action,RegistToReleaseItemList,,Route: int,,,,,,
9.9.9,Action,RequestNpcSubHandToolAction,,SubHandToolAction: str,,,,,,
9.9.9,Action,RequestRecreateFtr,N/A,,,,,,,
9.9.9,Action,RequestSimple,,AsCommand: str; WaitFinish: bool,,,,,,
9.9.9,Action,RequestStartPeriodicalFireworks,N/A,,,,,,,
9.9.9,Action,RequetCtrlConnectSupport,,RequestCount: int,,,,,,
9.9.9,Action,ReserveFutureMail,N/A,,,,,,,
9.9.9,Action,ReserveNpcCommand,,Command: str,,,,,,
9.9.9,Action,ReservePlayerMutterDemo,,EntryPointName: str; MutterStartTiming: str; EventFileName: str; IsResistNpcCast: bool,,,,,,
9.9.9,Action,ReservePlayerTicketGetDemo,,EventFileName: str; EntryPointName: str,,,,,,
9.9.9,Action,ReserveSystemFlowDemo,,EntryName: str; FlowFile: str,,,,,,
9.9.9,Action,ReserveTownNews,N/A,,,,,,,
9.9.9,Action,ResetNA,N/A,,,,,,,
9.9.9,Action,ResetNpcSchedule,N/A,,,,,,,
9.9.9,Action,ResetNpcScheduleForStart,N/A,,,,,,,
9.9.9,Action,ResumeSharePlayCtrlCheck,N/A,,,,,,,
9.9.9,Action,ReturnAttachedPresentToBaggage,N/A,,,,,,,
9.9.9,Action,ReturnStage,,NextInfoKey: str; FadeInKindString: str; FadeOutKindString: str; FadeColorString: str; FadeInSpeed: float; FadeOutSpeed: float,,,,,,
9.9.9,Action,ReturnStageForDreamEnd,,FadeInSpeed: float; FadeOutSpeed: float; FadeColorString: str; FadeInKindString: str; FadeOutKindString: str,,,,,,
9.9.9,Action,ReturnToPocketFutureMailPresent,N/A,,,,,,,
9.9.9,Action,RevokeTreasureQuest,N/A,,,,,,,
9.9.9,Action,RunCheckArtCamera,N/A,,,,,,,
9.9.9,Action,SaveAfterGrowUp,N/A,,,,,,,
9.9.9,Action,SaveCampNpcQuestFtr,N/A,,,,,,,
9.9.9,Action,SaveCopyToEnv,N/A,,,,,,,
9.9.9,Action,SaveDisableBackupSetting,N/A,,,,,,,
9.9.9,Action,SaveDownloadBackup,N/A,,,,,,,
9.9.9,Action,SaveEnableBackupSetting,N/A,,,,,,,
9.9.9,Action,SaveGrowUp,,GrowUpSituation: str,,,,,,
9.9.9,Action,SaveListDownloadableBackupInfo,N/A,,,,,,,
9.9.9,Action,SaveOnBackupRestoringSettingNotice,N/A,,,,,,,
9.9.9,Action,SavePlayerRegionLanguageUpdate,N/A,,,,,,,
9.9.9,Action,SaveRegisterBackupAgent,N/A,,,,,,,
9.9.9,Action,SaveRemove,,Process: str,,,,,,
9.9.9,Action,SaveReserveBackupRestoreFlagOff,N/A,,,,,,,
9.9.9,Action,SaveReservePlayerRegionLanguageUpdate,N/A,,,,,,,
9.9.9,Action,SaveSetFromUIResult,,SaveType: str,,,,,,
9.9.9,Action,SaveSimpleLoad,,Process: str,,,,,,
9.9.9,Action,SaveSimpleSave,,Process: str,,,,,,
9.9.9,Action,SaveStartRestoreSeq,N/A,,,,,,,
9.9.9,Action,SaveUpdateBackupCustomData,N/A,,,,,,,
9.9.9,Action,SaveUpdateDeviceID,N/A,,,,,,,
9.9.9,Action,SaveVerifyBackupLicense,N/A,,,,,,,
9.9.9,Action,SaveVersionCheck,N/A,,,,,,,
9.9.9,Action,SaveVersionConvert,N/A,,,,,,,
9.9.9,Action,SelectFreeBFurnitureFurniture,N/A,,,,,,,
9.9.9,Action,SelectFreeCFurnitureFurniture,,SelectType: int,,,,,,
9.9.9,Action,SelectMoveOutNpcRandom,N/A,,,,,,,
1.0.0,Action,SelectMysteryTour,N/A,,,,,,,
9.9.9,Action,SelectMysteryTour,,TourSelectType: int,,,,,,
9.9.9,Action,SelectRewardItemCampGame,,CamperRewardType: str,,,,,,
9.9.9,Action,SelectRewardItemDirect,,ItemUniqueId: int; SetNum: int; ItemRemakeDecideType: str; RemakePatternIndex: int,,,,,,
9.9.9,Action,SendBirthDayMessage,N/A,,,,,,,
9.9.9,Action,SeoMoveCameraOut,N/A,,,,,,,
9.9.9,Action,SeoReaction,,ReactionType: str,,,,,,
9.9.9,Action,SeoWarpBuoyOut,N/A,,,,,,,
9.9.9,Action,ServiceMotionControl,,CanServiceMotion: bool,,,,,,
9.9.9,Action,Set6thVillager,,Step: int,,,,,,
9.9.9,Action,SetAmiiboCamperNPC,N/A,,,,,,,
9.9.9,Action,SetAmiiboReadOn,N/A,,,,,,,
9.9.9,Action,SetApproachTalkItem,,SetType: int,,,,,,
9.9.9,Action,SetBcatProcess,N/A,,,,,,,
9.9.9,Action,SetBirthdayPresentFlag,N/A,,,,,,,
9.9.9,Action,SetBirthdayPToldlPartySharePlayFlag,N/A,,,,,,,
9.9.9,Action,SetBirthDayTag,N/A,,,,,,,
9.9.9,Action,SetBirthdayVillagerName,,Target: int; TagID: int,,,,,,
9.9.9,Action,SetBridgeSlopeKitToPlayerBaggage,,ItemType: int,,,,,,
9.9.9,Action,SetCalcPriceBySolo,N/A,,,,,,,
9.9.9,Action,SetCatalogFlagPhotoStudioPreset,N/A,,,,,,,
9.9.9,Action,SetCeremonyChoice,N/A,,,,,,,
9.9.9,Action,SetCheckResultConvReaction,,CheckResult: int,,,,,,
9.9.9,Action,SetCheckResultStructureDoor,,CheckResult: int,,,,,,
9.9.9,Action,SetClothesXItemsTag,,MessageType: int,,,,,,
9.9.9,Action,SetControllerStyle,,ControllerStyle: int,,,,,,
9.9.9,Action,SetCountDownCamera,,CameraActionKindString: str,,,,,,
9.9.9,Action,SetDefaultWaitAs,,NpcWaitAsType: str,,,,,,
9.9.9,Action,SetDeliveryCategoryTag,N/A,,,,,,,
9.9.9,Action,SetDeliveryClothInfo,,ClothType: int,,,,,,
9.9.9,Action,SetDeliveryClothToChange,,ClothType: int,,,,,,
9.9.9,Action,SetDeliveryItem,,SetItemTarget: int; ApplyToSave: bool,,,,,,
9.9.9,Action,SetDeliveryItemApplySave,N/A,,,,,,,
9.9.9,Action,SetDeliveryItemAtRandom,,ItemUniqueID: int; ApplyToSave: bool; ItemRemakeDecideType: str; RemakePatternIndex: int,,,,,,
9.9.9,Action,SetDeliveryQuestInfo,N/A,,,,,,,
9.9.9,Action,SetDeliveryQuizChoice,N/A,,,,,,,
9.9.9,Action,SetDemoTalkTurnRate,,Rate: float,,,,,,
9.9.9,Action,SetEasterApproachVillagerIndex,,ApproachType: int,,,,,,
9.9.9,Action,SetEnableDofFadeForDream,N/A,,,,,,,
9.9.9,Action,SetEventFlagAttendJuneBrideDemo,N/A,,,,,,,
9.9.9,Action,SetEventRewardToPlayerBaggage,,SetType: str,,,,,,
9.9.9,Action,SetHandleNameTag,,ID: int,,,,,,
9.9.9,Action,SetHideObjectVisible,N/A,,,,,,,
9.9.9,Action,SetInvitePlayerName,N/A,,,,,,,
9.9.9,Action,SetIslandReputationApproachVillagerIndex,,ApproachType: int,,,,,,
9.9.9,Action,SetIslandRubyType,,IslandRubyType: str,,,,,,
9.9.9,Action,SetIsStartNeedActivity,,UpdateRequest: str,,,,,,
9.9.9,Action,SetItemColorName,,ID: int; TargetItem: int,,,,,,
9.9.9,Action,SetItemName,,ID: int; ItemTarget: int; TagType: int,,,,,,
9.9.9,Action,SetItemToNpcStockList,,NpcStockTarget: int; GetRoute: int,,,,,,
9.9.9,Action,SetItemToPocket,,ItemUniqueId: int; SetNum: int,,,,,,
9.9.9,Action,SetKabuka,N/A,,,,,,,
9.9.9,Action,SetMoneyApplySave,N/A,,,,,,,
9.9.9,Action,SetMovingItemNNPCToPokect,N/A,,,,,,,
9.9.9,Action,SetNpcAIBlackBoardByLabel,,Key: str; Value: int; NpcLabel: str; Option: int,,,,,,
9.9.9,Action,SetNpcFeel,,Feel: str; Second: int,,,,,,
9.9.9,Action,SetNpcMoveoutStopInfo,,MoveOutStatus: int,,,,,,
9.9.9,Action,SetNpcName,,ID: int; NpcNameType: int,,,,,,
9.9.9,Action,SetNpcSpeakFlow,,EntryName: str; FlowName: str,,,,,,
9.9.9,Action,SetNpcTalkFlowName,,EventFlowName: str; EntryPointName: str,,,,,,
9.9.9,Action,SetNumCupCake,,NumCupCake: int,,,,,,
9.9.9,Action,SetOrderBeforeItem,,ItemType: str,,,,,,
9.9.9,Action,SetPlayerName,,PlayerNameType: int,,,,,,
9.9.9,Action,SetPlayerNameCallCamperNpc,N/A,,,,,,,
9.9.9,Action,SetPriceCalcItem,,ItemType: int,,,,,,
9.9.9,Action,SetRecoverySaveChoice,N/A,,,,,,,
9.9.9,Action,SetReplaceSNPCMsgLabel,N/A,,,,,,,
9.9.9,Action,SetRumorDSkipInfo,N/A,,,,,,,
9.9.9,Action,SetSettlerQuestInduceNpc,N/A,,,,,,,
9.9.9,Action,SetSharePlayChangeCondition,,Lock: bool,,,,,,
9.9.9,Action,SetSharePlaySubToolCondition,,IsEnable: bool,,,,,,
9.9.9,Action,SetSightRange,,Distance: int; Angle: int,,,,,,
9.9.9,Action,SetSpecialPos,,SetPosType: str,,,,,,
9.9.9,Action,SetSubflowResult,,SetIndex: int; ResultValue: int,,,,SubflowResults[<SetIndex>] = <ResultValue>,,
9.9.9,Action,SetSurpriseMoveSetting,N/A,,,,,,,
9.9.9,Action,SetTagFromSystem,,TagID: int; TagType: str; SetTagType: str; AccessKey: str; Value: int,,,,,,
9.9.9,Action,SetTagFromUIResult,,TagID: int; TagType: str,,,,,,
9.9.9,Action,SetTagNameUnfinishMail,,ID: int; TagType: str,,,,,,
9.9.9,Action,SetTagStructureName,,TagID: int; TagType: str,,,,,,
9.9.9,Action,SetTkkLiveRequestPlayerName,N/A,,,,,,,
9.9.9,Action,SetTreasureFindState,N/A,,,,,,,
9.9.9,Action,SetTwinsTag,N/A,,,,,,,
9.9.9,Action,SetupActorPosition,,Type: int,,,,,,
9.9.9,Action,SetupSharePlay,,IsAfterRollback: bool,,,,,,
9.9.9,Action,SetWeatherPattern,,PatternName: str,,,,,,
9.9.9,Action,ShopBuyDone,,UseTailorTicket: bool; Set5: bool,,,,,,
9.9.9,Action,ShopCheckItemSet,,BlackBoardKey: str; ShopType: str,,,,,,
9.9.9,Action,ShopSellCalc,,EntryVariableKeyInt_SellTotal: str; Rate: float; ExpensivePurchase: bool; IsBox: bool,,,,,,
9.9.9,Action,ShopSellDone,,Rate: float; IsBox: bool,,,,,,
9.9.9,Action,SleepInsect,,SleepInsectType: str,,,,,,
9.9.9,Action,SloTagSet,,EntryVariableKeyInt_EachWeedPrice: str; EntryVariableKeyInt_TotalWeedPrice: str; EntryVariableKeyInt_WeedNum: str; Param0: int; Param1: int; Param2: int,,,,,,
9.9.9,Action,SmartPhone,,ActionType: int,,,,,,
9.9.9,Action,SmartPhoneSE,,XLinkKey: str; ActionType: int,,,,,,
9.9.9,Action,SonkatsuBuyDone,,SetBaggage: bool,,,,,,
9.9.9,Action,SoundDuckingOff,,Id: int,,,,,,
9.9.9,Action,SoundDuckingOn,,Id: int,,,,,,
9.9.9,Action,SoundFade,,FadeHandleId: int,,,,,,
9.9.9,Action,SoundSceneChangeFadeOutDucking,,Id: int,,,,,,
9.9.9,Action,SoundTriggerEmit,,AssetKeyName: str; FadeHandleId: int,,,,,,
9.9.9,Action,SpecialDemoEnd,,Kind: str,,,,,,
9.9.9,Action,SpecialDemoStart,,Kind: str,,,,,,
9.9.9,Action,StartAmiiboPhone,,FadeInKindString: str; FadeOutKindString: str; FadeColorString: str; FadeInSpeed: float; FadeOutSpeed: float,,,,,,
9.9.9,Action,StartAnimation,,ActionName: str; ActionType: str,,,,,,
9.9.9,Action,StartMeasurePlayTime,,Type: str,,,,,,
9.9.9,Action,StartSharePlay,N/A,,,,,,,
9.9.9,Action,StartupMailSend,,VersionUp: bool; BundledEdition: bool; AoC: bool,,,,,,
9.9.9,Action,StopLiveMusicShufflePlay,N/A,,,,,,,
9.9.9,Action,StopMeasurePlayTime,,Type: str,,,,,,
9.9.9,Action,StoreNormalCamera,,IsImmediately: bool,,,,,,
9.9.9,Action,StructureDeletePreviewGuide,,IsImmediately: bool,,,,,,
9.9.9,Action,StructureMoveSaveIndex,,IndexType: int,,,,,,
9.9.9,Action,StructureMoveSetTag,,Type: int; TagID: int,,,,,,
9.9.9,Action,StructureOrderRemoveBridgeSlope,N/A,,,,,,,
9.9.9,Action,StructureStartPreviewGuide,,StructureType: str; StructureBuildPosType: str; StructureBuildTiming: str,,,,,,
9.9.9,Action,SuspendSharePlayCtrlCheck,N/A,,,,,,,
9.9.9,Action,SwapSpeaker,,SwapSpeaker: str; DispNameTag: bool,,,,,,
1.2.0,Action,SystemBGMVolumeFadeOut,,FadeCurveType: int; FadeSec: float,,,,,,
9.9.9,Action,SystemBGMVolumeFadeOut,,FadeCurveType: int; FadeSec: float; DelaySec: float,,,,,,
9.9.9,Action,SystemDecideFaceCard,,GameType: str,,,,,,
9.9.9,Action,SystemDeletePlayerItem,,DeleteType: str; DeleteNum: int,,,,,,
9.9.9,Action,SystemFaderRelease,N/A,,,,,,,
9.9.9,Action,SystemMailSend,,FromType: str; FileIndex: str; Route: str; Present: str; TagType: str; ToSharePlayer: bool; LabelIndex: int,,,,,,
9.9.9,Action,SystemMailSendDirect,,FromType: str; FileIndex: str; Present: str; LabelIndex: int,,,,,,
9.9.9,Action,SystemReenterStage,,Type: int; FadeInKindString: str; FadeOutKindString: str; FadeColorString: str; FadeInSpeed: float; FadeOutSpeed: float,,,,,,
9.9.9,Action,SystemRequestChangeStage,,TargetStage: str; FadeInKindString: str; FadeOutKindString: str; FadeColorString: str; FadeInSpeed: float; FadeOutSpeed: float,,,,,,
9.9.9,Action,SystemSetInviteQuestEnterTime,N/A,,,,,,,
9.9.9,Action,SystemSetInviteQuestNpcEnterFlag,N/A,,,,,,,
9.9.9,Action,SystemSetTagRadioPlayMusic,N/A,,,,,,,
9.9.9,Action,SystemSetVisitQuestKind,,VisitKind: str; VisitType: str,,,,,,
9.9.9,Action,SystemSetVisitQuestPlayerEnterFlag,N/A,,,,,,,
9.9.9,Action,SzaAchievementChangeSymbol,,ChangeSymbolType: str,,,,,,
9.9.9,Action,SzaPlayMelody,N/A,,,,,,,
9.9.9,Action,SzaUgcReset,,ResetNpcUgcType: str,,,,,,
9.9.9,Action,TalkCamera,,IsInterpolate: bool; Option: int,,,,,,
9.9.9,Action,TapSmoke,,SmokeTypeString: str,,,,,,
9.9.9,Action,TimeLock,,TimeLockType: str,,,,,,
9.9.9,Action,TkkFirstLiveEmoticcon,,Reaction: str; Frame: int,,,,,,
9.9.9,Action,TkkFreeAction,,TkkActionType: str,,,,,,
9.9.9,Action,TkkLive,N/A,,,,,,,
9.9.9,Action,TkkLiveEnter,N/A,,,,,,,
9.9.9,Action,TkkLiveExit,N/A,,,,,,,
9.9.9,Action,TkkLiveNpcSitDown,N/A,,,,,,,
9.9.9,Action,TkkLiveNpcStandUp,N/A,,,,,,,
9.9.9,Action,TkkLiveSyncPlayerAction,N/A,,,,,,,
9.9.9,Action,TkkRequestSongSet,,SelectSongMethod: str; SelectFeelType: str,,,,,,
9.9.9,Action,TotakekeLiveNpcRhythm,N/A,,,,,,,
9.9.9,Action,TurnBody,,TurnTarget: int; TurnAngle: float,,,,,,
9.9.9,Action,TurnNeck,,TurnTarget: int,,,,,,
9.9.9,Action,TurnOffEventPlazaDuckingJudge,N/A,,,,,,,
9.9.9,Action,TurnOffForceMaxVolumeForAudioMusic,N/A,,,,,,,
9.9.9,Action,TurnOffTempAudioMusic,N/A,,,,,,,
9.9.9,Action,TurnOnEventPlazaDuckingJudge,N/A,,,,,,,
9.9.9,Action,TurnOnForceMaxVolumeForAudioMusic,N/A,,,,,,,
9.9.9,Action,TurnOnTempAudioMusic,,MusicName: int,,,,,,
9.9.9,Action,UIAddresseeFriendHandling,N/A,,,,,,,
9.9.9,Action,UIAmiiboPreviousNoticeGuideCreate,N/A,,,,,,,
9.9.9,Action,UIAtmHandling,N/A,,,,,,,
9.9.9,Action,UIAudioHandling,N/A,,,,,,,
9.9.9,Action,UIBoardHandling,N/A,,,,,,,
9.9.9,Action,UIBootBGChangeDialog,N/A,,,,,,,
9.9.9,Action,UICatalogGiftHandling,N/A,,,,,,,
9.9.9,Action,UICatalogHandling,N/A,,,,,,,
9.9.9,Action,UICatalogRestartHandling,,IsSent: bool,,,,,,
9.9.9,Action,UICharactermakingCreate,N/A,,,,,,,
9.9.9,Action,UICharactermakingHandling,,CharctermakingFilterType: str,,,,,,
9.9.9,Action,UIClosetBalloonAppearHandling,N/A,,,,,,,
9.9.9,Action,UIClosetBalloonDisappear,N/A,,,,,,,
9.9.9,Action,UIClosetCreate,N/A,,,,,,,
9.9.9,Action,UIClosetHandling,N/A,,,,,,,
9.9.9,Action,UIClosetLotteryHandling,N/A,,,,,,,
9.9.9,Action,UICoordinateEditHandling,N/A,,,,,,,
9.9.9,Action,UICreatureHarvestBoxHandling,,mMode: int,,,,,,
9.9.9,Action,UICustomHomeHandling,,SelectType: str,,,,,,
9.9.9,Action,UIDateCreate,,CreateDateType: str,,,,,,
9.9.9,Action,UIDateHandling,,DateInputType: str,,,,,,
9.9.9,Action,UIDemoClock,,DisplayFrame: int,,,,,,
9.9.9,Action,UIFutureMsgCardHandling,N/A,,,,,,,
9.9.9,Action,UIGuideBalloonWeddingParty,,GuideType: int,,,,,,
9.9.9,Action,UIIllegalReportHandling,,ReportTarget: int,,,,,,
1.1.4,Action,UIItemSelectWindowHandling,,ItemUniqueID: int; ItemKindType: str; Mode: str; ItemFilterType: str; FilterType: str,,,,,,
9.9.9,Action,UIItemSelectWindowHandling,,ItemUniqueID: int; ItemKindType: str; Mode: str; ItemFilterType: str; FilterType: str; IsSingleSelect: bool,,,,,,
9.9.9,Action,UILogoAppear,,SelectKind: str,,,,,,
9.9.9,Action,UILostListHandling,N/A,,,,,,,
9.9.9,Action,UIMapRemoveCreate,N/A,,,,,,,
9.9.9,Action,UIMapRemoveHandling,N/A,,,,,,,
9.9.9,Action,UIMapSelectHandling,N/A,,,,,,,
9.9.9,Action,UIMelodyEditCreate,N/A,,,,,,,
9.9.9,Action,UIMelodyEditHandling,N/A,,,,,,,
9.9.9,Action,UIMenuDeviceAppear,,EventType: str; Application: str,,,,,,
9.9.9,Action,UIMenuProfileOthersHandling,N/A,,,,,,,
9.9.9,Action,UIMessageWindowForPocket,N/A,,,,,,,
9.9.9,Action,UIMiniGameFinishAppear,N/A,,,,,,,
9.9.9,Action,UIMiniGameHighAndLowHandling,,Command: str,,,,,,
9.9.9,Action,UIMiniGameTimerAppear,,Time: int; CounterUIType: str,,,,,,
9.9.9,Action,UIMoneyAppear,N/A,,,,,,,
9.9.9,Action,UIMoneyDisappear,N/A,,,,,,,
9.9.9,Action,UIMsgCardAdrCreate,,MsgCardAdrType: str,,,,,,
9.9.9,Action,UIMsgCardAdrHandling,,MsgCardAdrType: str,,,,,,
9.9.9,Action,UIMsgCardEditTextHandling,,TempFormType: str,,,,,,
9.9.9,Action,UIMsgCardSelectHandling,N/A,,,,,,,
9.9.9,Action,UIMyDesignExchangeFavoriteHandling,N/A,,,,,,,
9.9.9,Action,UIMyDesignExchangeInfoHandling,,Type: str,,,,,,
9.9.9,Action,UIMyDesignExchangeListHandling,N/A,,,,,,,
9.9.9,Action,UIMyDesignExchangeMenuHandling,N/A,,,,,,,
9.9.9,Action,UIMyDesignExchangeSearchHandling,N/A,,,,,,,
9.9.9,Action,UIMyDesignFireworksCreate,N/A,,,,,,,
9.9.9,Action,UIMyDesignFireworksHandling,N/A,,,,,,,
9.9.9,Action,UIMyDesignSelectHandling,,Mode: int; Category: int; Author: int; Holder: int; UsageType: int,,,,,,
9.9.9,Action,UINetConnectWaitAppear,N/A,,,,,,,
9.9.9,Action,UINetConnectWaitDisappear,N/A,,,,,,,
9.9.9,Action,UIPhotoIslandInteriorEditGuideOff,N/A,,,,,,,
9.9.9,Action,UIPostCreate,N/A,,,,,,,
9.9.9,Action,UIPostHandling,N/A,,,,,,,
9.9.9,Action,UIPrologueBGAppear,N/A,,,,,,,
9.9.9,Action,UIPrologueBGDisappear,N/A,,,,,,,
9.9.9,Action,UIRecoverySaveDataHandling,N/A,,,,,,,
9.9.9,Action,UISaveIconAppear,N/A,,,,,,,
9.9.9,Action,UISaveIconDisappear,N/A,,,,,,,
9.9.9,Action,UISelectedItemMoveChest,N/A,,,,,,,
1.0.0,Action,UISelectNpcMoveOut,N/A,,,,,,,
9.9.9,Action,UISelectNpcMoveOut,,MoveOutNpcType: str,,,,,,
9.9.9,Action,UIShopBuyAppear,,ItemBitType: str,,,,,,
9.9.9,Action,UIShopBuyDisappear,N/A,,,,,,,
9.9.9,Action,UIShopBuyHandling,,ItemBitType: str,,,,,,
9.9.9,Action,UIShopBuyReselectionAppear,N/A,,,,,,,
9.9.9,Action,UIShopBuyTailorCreate,N/A,,,,,,,
9.9.9,Action,UIShopMoneyDisappear,N/A,,,,,,,
9.9.9,Action,UISoftwareKeyboardHandling,,FormType: str; IsClearString: bool,,,,,,
9.9.9,Action,UISoftwareKeyboardPasswordHandling,,IsClearString: bool,,,,,,
9.9.9,Action,UISonkatsuPointAppear,N/A,,,,,,,
9.9.9,Action,UISonkatsuPointDisappear,N/A,,,,,,,
9.9.9,Action,UIStampRallyMuseumFromOwlHandling,,CardType: str,,,,,,
9.9.9,Action,UIStampRallyMuseumFromStampRackHandling,N/A,,,,,,,
9.9.9,Action,UITempMsgCardHandling,N/A,,,,,,,
9.9.9,Action,UITenKeyHandling,,Type: str,,,,,,
9.9.9,Action,UITitleHandling,N/A,,,,,,,
9.9.9,Action,UIVersionGuideAppear,,InType: str; Mount: str,,,,,,
9.9.9,Action,UIVersionGuideDisappear,,OutType: str,,,,,,
9.9.9,Action,UIWaitReceivingMailAppear,N/A,,,,,,,
9.9.9,Action,UIWorkingHandling,,DisplayType: str,,,,,,
9.9.9,Action,UnlockRandomItemRemakeCommonPattern,N/A,,,,,,,
9.9.9,Action,UpdateJuneBrideDayAlreadyCount,N/A,,,,,,,
9.9.9,Action,UpdateNpcUsuallyTops,,Target: str,,,,,,
9.9.9,Action,UploadProfile,,IsSkipError: bool,,,,,,
9.9.9,Action,UseCracker,N/A,,,,,,,
9.9.9,Action,VillageScoreLifeReflectLandSave,N/A,,,,,,,
9.9.9,Action,VillageScoreNaturalReflectLandSave,N/A,,,,,,,
9.9.9,Action,WaitDownloadMyDesignDataForPreview,N/A,,,,,,,
9.9.9,Action,WaitFaderSleep,N/A,,,,,,,
9.9.9,Action,WaitFrame,,WaitFrame: int,,,,,,
9.9.9,Action,WaitSpecialDemoEnter,,Type: str,,,,,,
9.9.9,Action,WarpPlayerBirthdayHouse,,EntryVariableKeyFloat_TargetX: str; EntryVariableKeyFloat_TargetZ: str; EntryVariableKeyFloat_MiddleTargetX: str; EntryVariableKeyFloat_MiddleTargetZ: str,,,,,,
9.9.9,Action,WeddingBGMStart,N/A,,,,,,,
9.9.9,Action,WrapDeliveryItem,N/A,,,,,,,
9.9.9,Query,AlwAlpIsOnBedJuneBride,,,inverted_bool,,,,,
9.9.9,Query,AmiiboNameWithTitle,N/A,,int2,,,,,
9.9.9,Query,AmiiboNpcIsIncludedCamperList,,,inverted_bool,,,,,
9.9.9,Query,AppraiseFossilDonationRate,N/A,,int3,,,,,
9.9.9,Query,BackDaysSincePreviousGrowUp,,,inverted_bool,,,,,
9.9.9,Query,BackupAgentExist,,,inverted_bool,,,,,
9.9.9,Query,BackupAgentIsMainPlayer,,,inverted_bool,,,,,
9.9.9,Query,BeyDailyFishSize,N/A,,int4,,,,,
9.9.9,Query,BeyHaveThreeOrMoreSameFish,,,inverted_bool,,,,,
9.9.9,Query,BeyWeekEndEvent,N/A,,int3,,,,,
9.9.9,Query,BoaCanSetKabu,N/A,,int3,,,,,
9.9.9,Query,BridgeNum,,BridgeJudgeType: str; Num: int,inverted_bool,,,,,
9.9.9,Query,CalledNpcNum,,CalledNpcNum: int,inverted_bool,,,,,
9.9.9,Query,CanBuildHere,,StructureBuildPosType: str; StructureType: str; StructureBuildTiming: str,inverted_bool,,,,,
9.9.9,Query,CanHearAudioMusicAtFocusPoint,,,inverted_bool,,,,,
9.9.9,Query,CanInduceNpc,,,inverted_bool,,,,,
1.1.4,Query,CanMoveUnit,,,inverted_bool,,,,,
9.9.9,Query,CanMoveUnit,,IsExpandArea: bool,inverted_bool,,,,,
9.9.9,Query,CanReturnToPocketFutureMailPresent,,,inverted_bool,,,,,
9.9.9,Query,CanScheduleNowPlayerBirthdayParty,,,inverted_bool,,,,,
9.9.9,Query,CanSelectRumorMessage,,RumorType: int,inverted_bool,,,,,
9.9.9,Query,CatalogItemFrom,,ItemFromType: str,inverted_bool,,,,,
9.9.9,Query,CatchFesFreeQuery2,,CatchFesQueryType: str,inverted_bool,,,,,
9.9.9,Query,CeremonyType,N/A,,int8,,,,,
9.9.9,Query,CheckAmiiboNPC,,Kind: str,inverted_bool,,,,,
9.9.9,Query,CheckCalledNpcNumNormal,,NpcNum: int,inverted_bool,,,,,
9.9.9,Query,CheckCamperNpcHandheldItem,N/A,,int6,,,,,
9.9.9,Query,CheckCamperNpcMovePoint,N/A,,int4,,,,,
9.9.9,Query,CheckCanInduceNpc,N/A,,int6,,,,,
9.9.9,Query,CheckClientNpcLook,N/A,,int8,,,,,
9.9.9,Query,CheckCurrentNpcAIState,,StateName: str,int2,,,,,
9.9.9,Query,CheckEntryVariableBool,,Value: str,inverted_bool,,,<<Value>>,,
9.9.9,Query,CheckEntryVariableInt,Yes,Value: str; CheckValue: int; CheckType: int6,bool,int,CheckType,"<<Value>> != <CheckValue>
<<Value>> == <CheckValue>
<<Value>> <= <CheckValue>
<<Value>> < <CheckValue>
<<Value>> >= <CheckValue>
<<Value>> > CheckValue>>","<<Value>> == <CheckValue>
<<Value>> != <CheckValue>
<<Value>> > <CheckValue>
<<Value>> >= <CheckValue>
<<Value>> < <CheckValue>
<<Value>> <= CheckValue>>",
9.9.9,Query,CheckErrorType,,ErrorType: int,inverted_bool,,,,,
9.9.9,Query,CheckFirstEnterPlayerCreateParam,,Param: str,inverted_bool,,,,,
9.9.9,Query,CheckInduceFailReasonIsSellPlaceNothingOnly,,,inverted_bool,,,,,
9.9.9,Query,CheckJuneBrideStudioTakePicture,N/A,,int3,,,,,
9.9.9,Query,CheckLockReason,N/A,,int6,,,,,
9.9.9,Query,CheckMannequinCamera,N/A,,int2,,,,,
9.9.9,Query,CheckMoveOutNpcIsMoveKitVillager,,,inverted_bool,,,,,
9.9.9,Query,CheckNowNpcFeel,N/A,,int5,,,,,
9.9.9,Query,CheckNpcActivity,,Activity: str,inverted_bool,,,,,
9.9.9,Query,CheckNpcAIFlag,,AIFlag: str,inverted_bool,,,,,
9.9.9,Query,CheckNpcApproachType,,,inverted_bool,,,,,
9.9.9,Query,CheckNpcCharacterSize,N/A,,int4,,,,,
9.9.9,Query,CheckNpcFavorLevel,N/A,,int6,,,,,"Inverted friendship level (0 = Lv6, 1 = Lv5, etc.)"
9.9.9,Query,CheckNpcLook,N/A,,int,,,,,
9.9.9,Query,CheckNpcMoveIn,,MoveInCheckType: str,inverted_bool,,,,,
9.9.9,Query,CheckNpcTalkType,,,inverted_bool,,,,,
9.9.9,Query,CheckNpcTool,N/A,,int6,,,,,
9.9.9,Query,CheckPlayerHouseLockReason,N/A,,int3,,,,,
9.9.9,Query,CheckVisitPLayout,N/A,,int10,,,,,
9.9.9,Query,ChmFreeQuery2,,ChmQueryType: str,inverted_bool,,,,,
9.9.9,Query,ChyCheckSpecialInsect,N/A,,int6,,,,,
9.9.9,Query,ChyHaveThreeOrMoreSameInsect,,,inverted_bool,,,,,
9.9.9,Query,ChyIfSpecialInsect,,,inverted_bool,,,,,
9.9.9,Query,ChyWeekEndEvent,N/A,,int3,,,,,
9.9.9,Query,CompareDayBirthdayLive,N/A,,int3,,,,,
9.9.9,Query,ComparePlayerCreateTime,,Border: int,inverted_bool,,,,,
9.9.9,Query,ContinuousNpcTalkCount,,TalkCount: int,inverted_bool,,,,,
9.9.9,Query,ControllerConnectNum,N/A,,int2,,,,,
9.9.9,Query,ControllerConnectResult,N/A,,int3,,,,,
9.9.9,Query,ControllerIsConnected,,,inverted_bool,,,,,
9.9.9,Query,CountBirthdayVillager,N/A,,int10,,,,,
9.9.9,Query,CountdownTalkPrevState,N/A,,int4,,,,,
9.9.9,Query,CountSharePlayerNum,,Border: int,inverted_bool,,,,,
9.9.9,Query,CountWaitingPlayerNum,,Border: int,inverted_bool,,,,,
9.9.9,Query,CurrentJuneBrideTheme,N/A,,int3,,,,,
9.9.9,Query,CurrentRegionLanguage,,SettingType: str,int14,,,,,
9.9.9,Query,DeliveryIsSameClothAsNowWear,,,inverted_bool,,,,,
9.9.9,Query,DeliveryItemIsFavor,,,inverted_bool,,,,,
9.9.9,Query,DeliveryOriginalIsReadyMade,,,inverted_bool,,,,,
9.9.9,Query,DeliveryQuestItemKind,N/A,,int2,,,,,
9.9.9,Query,DeliveryQuestReceiveNpcLook,N/A,,int8,,,,,
9.9.9,Query,DeliveryQuestType,N/A,,int5,,,,,
9.9.9,Query,DevideCountDownState,N/A,,int9,,,,,
9.9.9,Query,DevideFireWorksEventState,N/A,,int6,,,,,
9.9.9,Query,DisplayedNewBirthDayMessage,,,inverted_bool,,,,,
9.9.9,Query,DonationDone,,,inverted_bool,,,,,
9.9.9,Query,EmoticonCanGet,,,inverted_bool,,,,,
9.9.9,Query,EnvCheckBetweenDate,,Month0: int; Day0: int; Month1: int; Day1: int; TimeType: str,inverted_bool,,,,,
9.9.9,Query,EnvConstellation,Yes,ConstellationCheckType: Enume8ae9b9bda5b,"enum[Capricorn,Aquarius,Pisces,Aries,Taurus,Gemini,Cancer,Leo,Virgo,Libra,Scorpius,Sagittarius]",,,,,
9.9.9,Query,EnvDayOfWeek,N/A,,"enum[Sunday,Monday,Tuesday,Wednesday,Thursday,Friday,Saturday]",,,,,
9.9.9,Query,EnvHourCompare,,Hour: int; Minute: int; IsMidNight: bool; IsOverGrowUpTime: bool,int3,,,,,
9.9.9,Query,EnvHourOverGrowUp,Yes,,inverted_bool,,,,,whether it has passed 5am without GrowUp happening
9.9.9,Query,EnvHourTwentyFour,N/A,,int24,,,,,
9.9.9,Query,EnvMonth,N/A,,"enum[January,February,March,April,May,June,July,August,September,October,November,December]",,,,,
9.9.9,Query,EnvPublicAnnouncement,Yes,"EnvAnnounceQueryType: Enum785aaa93cf4f
",inverted_bool,,,,,
9.9.9,Query,EnvSameDate,,CheckDateType: Enumb1f07682b1ab; TimeType: Enumf8312ee2e001,inverted_bool,,,,,
9.9.9,Query,EnvSeason,N/A,,"enum[Spring,Summer,Autumn,Winter]",,,,,
9.9.9,Query,EnvSpecialWeather,N/A,,"enum[NormalWeather,HeavyShower_MorningBefore,HeavyShower_AfternoonBefore,HeavyShower_During,Rainbow,DoubleRainbow,AuroraBorealis_Before1800,AuroraBorealis,SpecialWeather8,SpecialWeather9]",,,,,
9.9.9,Query,EnvTimeZone,N/A,,"enum[05:00-07:59,08:00-11:59,12:00-15:59,16:00-18:59,19:00-23:59,00:00-04:59]",,,,,
9.9.9,Query,EnvWeather,N/A,,"enum[Clear0,Clear1,Clear2,Rain3,Rain4,Snow5,Snow6,Clear7]",,,,,
9.9.9,Query,EnvWeatherArea,N/A,,"enum[cWeatherArea_North,cWeatherArea_South]",,,,,
9.9.9,Query,EnvWeatherNNpcTalkCustom,N/A,,"enum[Fine,Cloudy,Rain,HeavyRain,Snow,HeavySnow,Blossom]",,,,,
9.9.9,Query,EventBranch,,CheckNowTime: bool; AddDay: int,int,,,,,
9.9.9,Query,EventCheck,,EventLabelString: str,int,,,,,
9.9.9,Query,EventFlagAllSharePlayPlayer,,AccessKey: str,inverted_bool,,,,,
9.9.9,Query,EventFlagNpcBool,,AccessKey: str,inverted_bool,,,<.actor>.EventFlags[<AccessKey>],,
9.9.9,Query,EventFlagNpcInt,Yes,AccessKey: str; Border: int; FlagCheckType: int7,bool,int,FlagCheckType,"<.actor>.EventFlags[<AccessKey>] != <Border>
<.actor>.EventFlags[<AccessKey>] == <Border>
<.actor>.EventFlags[<AccessKey>] <= <Border>
<.actor>.EventFlags[<AccessKey>] < <Border>
<.actor>.EventFlags[<AccessKey>] >= <Border>
<.actor>.EventFlags[<AccessKey>] > <Border>
bitcount(<.actor>.EventFlags[<AccessKey>]) < <Border>","<.actor>.EventFlags[<AccessKey>] == <Border>
<.actor>.EventFlags[<AccessKey>] != <Border>
<.actor>.EventFlags[<AccessKey>] > <Border>
<.actor>.EventFlags[<AccessKey>] >= <Border>
<.actor>.EventFlags[<AccessKey>] < <Border>
<.actor>.EventFlags[<AccessKey>] <= <Border>
bitcount(<.actor>.EventFlags[<AccessKey>]) >= <Border>",
9.9.9,Query,EventFlagSystemBool,,AccessKey: str,inverted_bool,,,System.EventFlags[<AccessKey>],,
9.9.9,Query,EventFlagSystemInt,Yes,AccessKey: str; Border: int; FlagCheckType: int7,bool,int,FlagCheckType,"System.EventFlags[<AccessKey>] != <Border>
System.EventFlags[<AccessKey>] == <Border>
System.EventFlags[<AccessKey>] <= <Border>
System.EventFlags[<AccessKey>] < <Border>
System.EventFlags[<AccessKey>] >= <Border>
System.EventFlags[<AccessKey>] > <Border>
bitcount(System.EventFlags[<AccessKey>]) < <Border>","System.EventFlags[<AccessKey>] == <Border>
System.EventFlags[<AccessKey>] != <Border>
System.EventFlags[<AccessKey>] > <Border>
System.EventFlags[<AccessKey>] >= <Border>
System.EventFlags[<AccessKey>] < <Border>
System.EventFlags[<AccessKey>] <= <Border>
bitcount(System.EventFlags[<AccessKey>]) >= <Border>",
9.9.9,Query,EventNpcSet,,EventLabelString: str,inverted_bool,,,,,
9.9.9,Query,EventRewardItem,,ItemUniqueID: int,inverted_bool,,,,,
9.9.9,Query,ExistPlayerAcceptingBirthDayMessage,,,inverted_bool,,,,,
9.9.9,Query,ExistUnfinishMail,,,inverted_bool,,,,,
9.9.9,Query,ExpensivePurchase,,,inverted_bool,,,,,
9.9.9,Query,FacilityNpcState,N/A,,int3,,,,,
9.9.9,Query,FacilityOpenPastDays,,CountFacilityType: str; Days: int,inverted_bool,,,,,
9.9.9,Query,FinalFireworksFes,,,inverted_bool,,,,,
9.9.9,Query,FireworksTalkPrevState,N/A,,int4,,,,,
9.9.9,Query,FoxBuyGalleryForThisIsland,,,inverted_bool,,,,,
9.9.9,Query,FoxBuySelectType,N/A,,int2,,,,,
9.9.9,Query,FoxCheckItemBuyPlayer,,,inverted_bool,,,,,
9.9.9,Query,FoxCheckItemBuyVillager,,,inverted_bool,,,,,
9.9.9,Query,FoxIsSoldOut,,,inverted_bool,,,,,
9.9.9,Query,FoxItemCheck,,,inverted_bool,,,,,
9.9.9,Query,GeneralTalkChoice2,N/A,,int2,,,,,
9.9.9,Query,GeneralTalkChoice3,N/A,,int3,,,,,
9.9.9,Query,GeneralTalkChoice4,N/A,,int4,,,,,
9.9.9,Query,GeneralTalkChoice5,N/A,,int5,,,,,
9.9.9,Query,GeneralTalkChoice6,N/A,,int6,,,,,
9.9.9,Query,GeneralTalkChoice7,N/A,,int7,,,,,
9.9.9,Query,GlobalEventNow,,EventLabelString: str; DayType: str; CheckNowTime: bool,inverted_bool,,,,,
9.9.9,Query,GlobalEventStart,,EventLabelString: str,inverted_bool,,,,,
9.9.9,Query,GrowUpInterval,,Interval: int,inverted_bool,,,,,
9.9.9,Query,GulFreeQuery2,,GulQueryType: str,inverted_bool,,,,,
9.9.9,Query,HandleNameTalkDayInterval,,Days: int; CheckTarget: int,inverted_bool,,,,,
9.9.9,Query,HasAbleDisplayMyDesign,,,inverted_bool,,,,,
9.9.9,Query,HasAttachedPresent,,,inverted_bool,,,,,
9.9.9,Query,HasBellCount,,Money: int,inverted_bool,,,,,
9.9.9,Query,HasCamperQuestItem,,,inverted_bool,,,,,
9.9.9,Query,HasCraftRecipeSelectFlow,,JudgeTarget: str,inverted_bool,,,,,
9.9.9,Query,HasDeliveryItem,,,inverted_bool,,,,,
9.9.9,Query,HasDreamID,,,inverted_bool,,,,,
9.9.9,Query,HasFreeInCommuneMail,,,inverted_bool,,,,,
9.9.9,Query,HasFreeInPostOffice,,Type: str,inverted_bool,,,,,
9.9.9,Query,HasHandleNameMemory,,,inverted_bool,,,,,
9.9.9,Query,HasKindItem,,CheckItemKindType: str; ItemKindType: str; ItemFilterType: str,inverted_bool,,,,,
9.9.9,Query,HasLifeSupportPoint,,LifeSupportPointCheckType: str; Point: int,inverted_bool,,,,,
9.9.9,Query,HasNoAcquaintance,,,inverted_bool,,,,,
9.9.9,Query,HasNpcRequestedItem,,,inverted_bool,,,,,
9.9.9,Query,HasNpcWantedItem,,,inverted_bool,,,,,
9.9.9,Query,HasObstacle,,StructureType: str; StructureBuildPosType: str; StructureBuildTiming: str,inverted_bool,,,,,
9.9.9,Query,HasOpenedDeliveryItem,,,inverted_bool,,,,,
9.9.9,Query,HasPlayerActivitySinceMoveIn,,CheckPlayerType: int,inverted_bool,,,,,
9.9.9,Query,HasSpaceCreateNpc,,,inverted_bool,,,,,
9.9.9,Query,HasTargetItem,,ItemUniqueId: int; NeedNum: int,inverted_bool,,,,,
9.9.9,Query,HgcFashionCheckResult,N/A,,int4,,,,,
9.9.9,Query,HgcFreeQuery2,,HgcQueryType: str,inverted_bool,,,,,
9.9.9,Query,HgcIsChangeOutfit,,,inverted_bool,,,,,
9.9.9,Query,HgcPlayerDefaultOutfit,,,inverted_bool,,,,,
9.9.9,Query,HghCoodinateItemNum,N/A,,int6,,,,,
9.9.9,Query,HghFreeQuery2,,HghQueryType: str,inverted_bool,,,,,
9.9.9,Query,HghMydesignOwner,N/A,,int3,,,,,
9.9.9,Query,HouseIsTent,,,inverted_bool,,,,,
9.9.9,Query,HouseOwnerLooks,N/A,,"enum[Lazy,Jock,Cranky,Smug,Normal,Peppy,Snooty,Sisterly]",,,,,
9.9.9,Query,IncludeHorizontalController,,,inverted_bool,,,,,
9.9.9,Query,InDIYArea,,,inverted_bool,,,,,
9.9.9,Query,InducePlayerExist,,,inverted_bool,,,,,
9.9.9,Query,InsectFishBoxIsEmpty,,,inverted_bool,,,,,
9.9.9,Query,IsAbandonedHouseNpc,,MoveOutNpcType: str,inverted_bool,,,,,
9.9.9,Query,IsAcceptableAmiibo,,,inverted_bool,,,,,
9.9.9,Query,IsAcquaintanceAmiiboNPC,,,inverted_bool,,,,,
9.9.9,Query,IsAlreadyCalledAmiiboNpc,,Purpose: str,inverted_bool,,,,,
9.9.9,Query,IsAmiiboNpcLiving,,,inverted_bool,,,,,
9.9.9,Query,IsAmiiboNpcMigrated,,,inverted_bool,,,,,
9.9.9,Query,IsAmiiboNpcMoveOut,N/A,,int3,,,,,
9.9.9,Query,IsAmiiboNpcSick,,,inverted_bool,,,,,
9.9.9,Query,IsAmiiboNpcVisiting,,,inverted_bool,,,,,
9.9.9,Query,IsApproachAllowed,,,inverted_bool,,,,,
9.9.9,Query,IsApprovedFreeCommunication,,,inverted_bool,,,,,
9.9.9,Query,IsBadSightCeremony,,,inverted_bool,,,,,
9.9.9,Query,IsBeforeClothFromPlayer,,,inverted_bool,,,,,
9.9.9,Query,IsCallableAmiiboNpc,,Purpose: str,inverted_bool,,,,,
9.9.9,Query,IsCampSiteOccupied,,,inverted_bool,,,,,
9.9.9,Query,IsDeliveryQuestReceiver,,,inverted_bool,,,,,
9.9.9,Query,IsDeliveryQuizRightAnswer,,,inverted_bool,,,,,
9.9.9,Query,IsDeliveryToOthers,N/A,,int3,,,,,
9.9.9,Query,IsDifferentAreaVisit,,,inverted_bool,,,,,
9.9.9,Query,IsDisableWorry,,,inverted_bool,,,,,
9.9.9,Query,IsDoneBcatProcess,,,inverted_bool,,,,,
9.9.9,Query,IsDuringBusinessHours,,Type: str,inverted_bool,,,,,
9.9.9,Query,IsEarlyLateReactionSituation,,,inverted_bool,,,,,
9.9.9,Query,IsEnableToGetEggBasket,,NeedNum: int,inverted_bool,,,,,
9.9.9,Query,IsExistBirthdayPlayerInSub,,,inverted_bool,,,,,
9.9.9,Query,IsExistMoveNpc,,MoveOut: bool,inverted_bool,,,,,
9.9.9,Query,IsExistPHouseVisitNpcYet,,,inverted_bool,,,,,
9.9.9,Query,IsFavoriteMusic,,JudgeTarget: str,inverted_bool,,,,,
9.9.9,Query,IsFeelSourcePlayer,,,inverted_bool,,,,,
9.9.9,Query,IsFirewoksApproachNpc,,,inverted_bool,,,,,
9.9.9,Query,IsFirstNpcLiveInTent,,,inverted_bool,,,,,
9.9.9,Query,IsFriendRumorPlayer,,,inverted_bool,,,,,
9.9.9,Query,IsFullPlayerVillager,,,inverted_bool,,,,,
9.9.9,Query,IsGamePlayTime,,,inverted_bool,,,,,
9.9.9,Query,IsHoldPlayerBirthdayThisYear,,,inverted_bool,,,,,
9.9.9,Query,IsInduceFailedReasonFixUp,,,inverted_bool,,,,,
9.9.9,Query,IsInEventPlazaArea,,CountdownBoard: bool,inverted_bool,,,,,
9.9.9,Query,IsInsectChasingPlayer,,CheckInsect: int,inverted_bool,,,,,
9.9.9,Query,IsInTheActOfDIY,,,inverted_bool,,,,,
9.9.9,Query,IsLastControlAudioMusic,,,inverted_bool,,,,,
9.9.9,Query,IsMadeCraftUnlockRecipe,,UnlockType: str; CheckUnlockMode: str,inverted_bool,,,,,
9.9.9,Query,IsMadeSnowManPlayer,,,inverted_bool,,,,,
9.9.9,Query,IsMatchedOwnDesignerIdAndInputDesignerId,,,inverted_bool,,,,,
9.9.9,Query,IsMatchedOwnDreamIdAndInputDreamId,,,inverted_bool,,,,,
9.9.9,Query,IsMovingConsultationPlayerNotLiving,,,inverted_bool,,,,,
9.9.9,Query,IsMyDesignProInMyDesignExchange,,,inverted_bool,,,,,
9.9.9,Query,IsMyPost,,,inverted_bool,,,,,
9.9.9,Query,IsMyVillage,,,inverted_bool,,,,,
9.9.9,Query,IsNnpcTent,,,inverted_bool,,,,,
9.9.9,Query,IsNpcDIYRecipeCollected,,,inverted_bool,,,,,
9.9.9,Query,IsNpcPlayer,,,inverted_bool,,,,,
9.9.9,Query,IsNpcPlayerRelativeItem,N/A,,int5,,,,,
9.9.9,Query,IsOnStarterFtrSwitch,,,inverted_bool,,,,,
9.9.9,Query,IsPlayerBirthdayRoom,,,inverted_bool,,,,,
9.9.9,Query,IsPlayingAudioMusic,,,inverted_bool,,,,,
9.9.9,Query,IsQuestLimitOver,,,inverted_bool,,,,,
9.9.9,Query,IsReachedUploadCountMax,,,inverted_bool,,,,,
9.9.9,Query,IsRequiredLanguageChangeAnnounce,,,inverted_bool,,,,,
9.9.9,Query,IsReturnJuneBridePhotoStudio,,,inverted_bool,,,,,
9.9.9,Query,IsRumorActionDaysAgo,N/A,,int4,,,,,
9.9.9,Query,IsRunningMiniGame,,MiniGameType: str,inverted_bool,,,,,
9.9.9,Query,IsSameBirthdayNpc,,,inverted_bool,,,,,
9.9.9,Query,IsSameNpcLiving,,,inverted_bool,,,,,
9.9.9,Query,IsSamePhrase,,,inverted_bool,,,,,
9.9.9,Query,IsSelectedNpcMoveInToday,,,inverted_bool,,,,,
9.9.9,Query,IsSelectedNpcMoveOutDecided,,,inverted_bool,,,,,
9.9.9,Query,IsSelectedVillageLeader,,,inverted_bool,,,,,
9.9.9,Query,IsSelectNpcRequestedItem,,,inverted_bool,,,,,
9.9.9,Query,IsSettlerQuestInducedNpc,,,inverted_bool,,,,,
9.9.9,Query,IsSettlerQuestInsideMaterialSelect,,SettlerType: int; InsideMaterialType: int,inverted_bool,,,,,
9.9.9,Query,IsSettlerQuestOutsideComplete,,SettlerType: int; OutsideCheckType: int,inverted_bool,,,,,
9.9.9,Query,IsSharePlay,,TargetMode: int,inverted_bool,,,,,
9.9.9,Query,IsSoloPlayController,,,inverted_bool,,,,,
9.9.9,Query,IsSpeakerResetOrRacket,,,inverted_bool,,,,,
9.9.9,Query,IsSpecifiedMyDesignPosted,,,inverted_bool,,,,,
9.9.9,Query,IsSurpriseVisitNpc,,,inverted_bool,,,,,
9.9.9,Query,IsTargetFtr,,ItemUniqueId: int,inverted_bool,,,,,
9.9.9,Query,IsTargetNpcHouse,,,inverted_bool,,,,,
9.9.9,Query,IsTheDayAfterTalkPlayerBithday,,,inverted_bool,,,,,
9.9.9,Query,IsUnconnectedPlayerVillagerGreaterThan,,Count: int,inverted_bool,,,,,
9.9.9,Query,IsUnconnectedVillageLeader,,,inverted_bool,,,,,
9.9.9,Query,IsUnlockedAllItemRemakeCommonPattern,,,inverted_bool,,,,,
9.9.9,Query,IsValidUnfinishMailTo,N/A,,int4,,,,,
9.9.9,Query,IsVillageGateOpened,,,inverted_bool,,,,,
9.9.9,Query,IsVisitOtherNpc,,,inverted_bool,,,,,
9.9.9,Query,IsWarningInsect,N/A,,int3,,,,,
9.9.9,Query,IsWatchItemDiveFish,,,inverted_bool,,,,,
9.9.9,Query,IsWatchItemDonated,,,inverted_bool,,,,,
9.9.9,Query,ItemIsDecoratedAtTalkNpcHouse,,JudgeTarget: str,inverted_bool,,,,,
9.9.9,Query,ItemRemove,,,inverted_bool,,,,,
9.9.9,Query,ItemValuables,,,inverted_bool,,,,,
9.9.9,Query,JuneBrideScoreCheck,,ScoreTypeString: str; Num: int,inverted_bool,,,,,
9.9.9,Query,KindBitParamItemSelectInclude,,BitParamType: str; JudgeTarget: str,inverted_bool,,,,,
9.9.9,Query,LandFruit,N/A,,int5,,,,,
9.9.9,Query,LimitSendMailToFriend,,,inverted_bool,,,,,
9.9.9,Query,LookToSky,,,inverted_bool,,,,,
9.9.9,Query,MainPlayerIsBirthday,,IsCheckNpcReservePlayerBirthday: bool,inverted_bool,,,,,
9.9.9,Query,MessageUseBCancel,,,inverted_bool,,,,,
9.9.9,Query,MoneyCapacity,,AddMoney: int; SellType: str,int3,,,,,
9.9.9,Query,MultiFromItemSelectInclude,Yes,ItemFromType1: Enum45892a8e83be; ItemFromType2: Enum45892a8e83be; ItemFromType3: Enum45892a8e83be; ItemFromType4: Enum45892a8e83be; ItemFromType5: Enum45892a8e83be; ItemFromType6: Enum45892a8e83be; ItemFromType7: Enum45892a8e83be; ItemFromType8: Enum45892a8e83be; JudgeTarget: Enum8b1826325233,inverted_bool,,,,,
9.9.9,Query,MultiItemSelectInclude,Yes,ItemUniqueID1: int; ItemUniqueID2: int; ItemUniqueID3: int; ItemUniqueID4: int; ItemUniqueID5: int; ItemUniqueID6: int; ItemUniqueID7: int; ItemUniqueID8: int; JudgeTarget: Enum8b1826325233,inverted_bool,,,,,
9.9.9,Query,MultiKindItemSelectInclude,Yes,ItemKindType1: Enum5172ea14fa97; ItemKindType2: Enum5172ea14fa97; ItemKindType3: Enum5172ea14fa97; ItemKindType4: Enum5172ea14fa97; ItemKindType5: Enum5172ea14fa97; ItemKindType6: Enum5172ea14fa97; ItemKindType7: Enum5172ea14fa97; ItemKindType8: Enum5172ea14fa97; JudgeTarget: Enum8b1826325233,inverted_bool,,,,,
9.9.9,Query,MultiKindItemSelectIncludeChoice3,,JudgeTarget: str; ChoiceNumber: int; ItemKindTypeA: str; ItemKindTypeB: str,int3,,,,,
9.9.9,Query,MultiKindItemSelectIncludeChoice4,,JudgeTarget: str; ChoiceNumber: int; ItemKindTypeA: str; ItemKindTypeB: str; ItemKindTypeC: str,int4,,,,,
9.9.9,Query,MultiKindItemSelectIncludeChoice5,,JudgeTarget: str; ChoiceNumber: int; ItemKindTypeA: str; ItemKindTypeB: str; ItemKindTypeC: str; ItemKindTypeD: str,int5,,,,,
9.9.9,Query,MultiMessageCategoryItemSelectInclude,Yes,ItemCategoryType1: Enum53801c2056ab; ItemCategoryType2: Enum53801c2056ab; ItemCategoryType3: Enum53801c2056ab; ItemCategoryType4: Enum53801c2056ab; ItemCategoryType5: Enum53801c2056ab; ItemCategoryType6: Enum53801c2056ab; ItemCategoryType7: Enum53801c2056ab; ItemCategoryType8: Enum53801c2056ab; JudgeTarget: Enum8b1826325233,inverted_bool,,,,,
9.9.9,Query,MuseumCeremonyType,N/A,,int2,,,,,
9.9.9,Query,MuseumComplete,,,inverted_bool,,,,,
9.9.9,Query,MuseumDonationNumCheck,,Border: int,inverted_bool,,,,,
9.9.9,Query,MuseumLevel,N/A,,"enum[BlathersTent,BlathersMuseumNoArt,BlathersMuseumArt,BlathersNotMovedIn]",,,,,
9.9.9,Query,MuseumNameboardCheckDonateBoardItemKind,,EntryVariableKeyInt_LoopNum: str,int6,,,,,
9.9.9,Query,MuseumNameBoardIsCompleteFossilItem,,EntryVariableKeyInt_LoopNum: str,inverted_bool,,,,,
9.9.9,Query,MuseumNameBoardIsDonateFossilItemSomeOne,,EntryVariableKeyInt_LoopNum: str,inverted_bool,,,,,
9.9.9,Query,MuseumNameBoardIsExistVillageDonatePlayer,,EntryVariableKeyInt_LoopNum: str,inverted_bool,,,,,
9.9.9,Query,MuseumNameboardIsNeedCameraTargetKind,,EntryVariableKeyInt_LoopNum: str,inverted_bool,,,,,
9.9.9,Query,MuseumNameBoardIsSingleFossilSet,,EntryVariableKeyInt_LoopNum: str,inverted_bool,,,,,
9.9.9,Query,MuseumNameboardIsStillHaveDonateItem,,EntryVariableKeyInt_LoopNum: str,inverted_bool,,,,,
9.9.9,Query,MuseumRoomDonateRate,,Rate: int,inverted_bool,,,,,
9.9.9,Query,MyDesignExchangeMenuResult,N/A,,int7,,,,,
9.9.9,Query,MyDesignExchangeNetworkError,,,inverted_bool,,,,,
9.9.9,Query,nDummy2,,Comment: str,int2,,,,,
9.9.9,Query,NetAllSessionIsFull,,,inverted_bool,,,,,
9.9.9,Query,NetCanRequestLeave,,,inverted_bool,,,,,
9.9.9,Query,NetDemoType,N/A,,int6,,,,,
9.9.9,Query,NetDreamingTime,,CheckValue: int,inverted_bool,,,,,
9.9.9,Query,NetFoundVillageNum,N/A,,int3,,,,,
9.9.9,Query,NetHasAddressData,,Type: str,inverted_bool,,,,,
9.9.9,Query,NetHasDesignerID,,,inverted_bool,,,,,
9.9.9,Query,NetHasFriend,,,inverted_bool,,,,,
9.9.9,Query,NetHasPOLID,,,inverted_bool,,,,,
1.3.0,Query,NetHasPOPID,,,inverted_bool,,,,,
9.9.9,Query,NetHasPOPID,,IsRawDataCheck: bool,inverted_bool,,,,,
9.9.9,Query,NetHasVisitor,,,inverted_bool,,,,,
9.9.9,Query,NetIsAppError,,Process: str,inverted_bool,,,,,
9.9.9,Query,NetIsAvailableNA,,,inverted_bool,,,,,
9.9.9,Query,NetIsConnected,,,inverted_bool,,,,,
9.9.9,Query,NetIsDecidedVillage,N/A,,int3,,,,,
9.9.9,Query,NetIsDemoPlayer,,,inverted_bool,,,,,
9.9.9,Query,NetIsDreaming,,,inverted_bool,,,,,
9.9.9,Query,NetIsFoundDreamLand,,Type: str,inverted_bool,,,,,
9.9.9,Query,NetIsFoundMyDesign,,Type: str,inverted_bool,,,,,
9.9.9,Query,NetIsFriendOnlySession,,Type: str,inverted_bool,,,,,
9.9.9,Query,NetIsInviteFriend,,,inverted_bool,,,,,
1.0.0,Query,NetIsNeedPassword,,,inverted_bool,,,,,
9.9.9,Query,NetIsNeedPassword,,Type: str,inverted_bool,,,,,
9.9.9,Query,NetIsRegisteredSameNA,,,inverted_bool,,,,,
9.9.9,Query,NetIsValidID,,Kind: str,inverted_bool,,,,,
9.9.9,Query,NetLockFailReason,N/A,,int3,,,,,
9.9.9,Query,NetMode,N/A,,int3,,,,,
9.9.9,Query,NetSessionCreateSetting,N/A,,int3,,,,,
9.9.9,Query,NfcDisabled,,,inverted_bool,,,,,
9.9.9,Query,NfpErrorType,N/A,,int3,,,,,
9.9.9,Query,NowRoomFtrNum,,Count: int,inverted_bool,,,,,
9.9.9,Query,NpcActivityType,N/A,,int2,,,,,
9.9.9,Query,NpcAIIsArriveDestination,N/A,,int2,,,,,
9.9.9,Query,NpcBirthdayCast,N/A,,int5,,,,,
9.9.9,Query,NpcBirthType,,BirthType: str,inverted_bool,,,,,
9.9.9,Query,NpcBlackBoard,,Key: str; Border: int,inverted_bool,,,,,
9.9.9,Query,NpcCanStartApBNickname,N/A,,int3,,,,,
9.9.9,Query,NpcCanStartApproach,,,inverted_bool,,,,,
9.9.9,Query,NpcCanStartQuest,,,inverted_bool,,,,,
9.9.9,Query,NpcCanStartReactQuestTalk,N/A,,int4,,,,,
9.9.9,Query,NpcCatchQuestFishAppearType,N/A,,int5,,,,,
9.9.9,Query,NpcCatchQuestFishNormalType,N/A,,int2,,,,,
9.9.9,Query,NpcCatchQuestInsectNormalType,N/A,,int7,,,,,
9.9.9,Query,NpcCatchQuestInsectType,N/A,,int8,,,,,
9.9.9,Query,NpcCheckCatchQuestType,N/A,,int4,,,,,
9.9.9,Query,NpcCheckMoveInBeforePlayer,,,inverted_bool,,,,,
9.9.9,Query,NpcCheckPastDays,,AccessKey: str; Border: int,inverted_bool,,,,,
9.9.9,Query,NpcCheckSameWordFromSwkbd,,CheckType: str,inverted_bool,,,,,
9.9.9,Query,NpcCheckStateSelectTiming,,AISelectorTiming: str,inverted_bool,,,,,
9.9.9,Query,NpcFeelSource,N/A,,int3,,,,,
9.9.9,Query,NpcGeneralTalkChoice,N/A,,int5,,,,,
9.9.9,Query,NpcGreetTypeNegative,,,inverted_bool,,,,,
9.9.9,Query,NpcHasAcquaintanceshipRumorPlayer,,,inverted_bool,,,,,
9.9.9,Query,NpcHasFreeMessage,,QueryMessageType: str,inverted_bool,,,,,
9.9.9,Query,NpcHasPlayerProfileComment,,,inverted_bool,,,,,
9.9.9,Query,NpcHaveQuestType,,IncludeFinish: str,int8,,,,,
9.9.9,Query,NpcHitNum,,Border: int,inverted_bool,,,,,
9.9.9,Query,NpcHouseNum,,NpcHouseType: str; Num: int,bool,int,,<.name>(<NpcHouseType>) < <Num>,<.name>(<NpcHouseType>) >= <Num>,
9.9.9,Query,NpcInducementType,N/A,,int5,,,,,
9.9.9,Query,NpcInviteCheck,,Type: int,inverted_bool,,,,,
9.9.9,Query,NpcIsAbleEquipSelectItem,,,inverted_bool,,,,,
9.9.9,Query,NpcIsCreateAngle,,,inverted_bool,,,,,
9.9.9,Query,NpcIsEquipedHandTool,,ToolType: int,inverted_bool,,,,,
9.9.9,Query,NpcIsEquipItem,Yes,ItemUniqueID1: int; ItemUniqueID2: int; ItemUniqueID3: int; ItemUniqueID4: int; ItemUniqueID5: int; ItemUniqueID6: int; ItemUniqueID7: int; ItemUniqueID8: int; EquipRequireType: Enum40cb6aebd626,inverted_bool,,,,,
9.9.9,Query,NpcIsExistOtherNpc,,,inverted_bool,,,,,
9.9.9,Query,NpcIsExistTradableFtr,,,inverted_bool,,,,,
9.9.9,Query,NpcIsFleaHolder,,,inverted_bool,,,,,
9.9.9,Query,NpcIsHitByNet,,,inverted_bool,,,,,
9.9.9,Query,NpcIsInducementPlayer,,,inverted_bool,,,,,
9.9.9,Query,NpcIsInvisible,,,inverted_bool,,,,,
9.9.9,Query,NpcIsMovingRoom,N/A,,int3,,,,,
9.9.9,Query,NpcIsQuestClient,,QuestType: str; CheckPlayer: bool; IncludeFinish: bool,inverted_bool,,,,,
9.9.9,Query,NpcIsQuestFlagOn,,QuestFlag: str,inverted_bool,,,<.actor>.QuestFlags[<QuestFlag>],,
9.9.9,Query,NpcIsRewardDecided,,,inverted_bool,,,,,
9.9.9,Query,NpcIsSitting,N/A,,int6,,,,,
9.9.9,Query,NpcIsTalkedFromBehind,,,inverted_bool,,,,,
9.9.9,Query,NpcIsTradableFtr,,,inverted_bool,,,,,
9.9.9,Query,NpcIsTreasureFind,,,inverted_bool,,,,,
9.9.9,Query,NpcIsTreasureHuntLimitOver2,,,inverted_bool,,,,,
9.9.9,Query,NpcLabel,,NpcLabel: str,inverted_bool,,,,,
9.9.9,Query,NpcLivingDays,,CheckDays: int,inverted_bool,,,,,
9.9.9,Query,NpcLostQuestType,N/A,,int4,,,,,
9.9.9,Query,NpcMoveOutState,N/A,,int5,,,,,
9.9.9,Query,NpcNowPosture,N/A,,int4,,,,,
9.9.9,Query,NpcPastYMFromLastTalkDate,,,inverted_bool,,,,,
9.9.9,Query,NpcQuestIsLimitOver,,QuestType: str,inverted_bool,,,,,
9.9.9,Query,NpcQuestReward,N/A,,int3,,,,,
9.9.9,Query,NpcRace,,Race: str,inverted_bool,,,,,
9.9.9,Query,NpcRewardType,N/A,,int6,,,,,
9.9.9,Query,NpcRumorCheckAllDenyProgressDays,,ProgressDays: int,inverted_bool,,,,,
9.9.9,Query,NpcRumorIsAnsweredTargetTopic,,,inverted_bool,,,,,
9.9.9,Query,NpcRumorIsAskedOwn,,,inverted_bool,,,,,
9.9.9,Query,NpcRumorIsEqualNpcChoice,,RumorFavoriteChoiceTarget: str,int4,,,,,
9.9.9,Query,NpcRumorIsEqualPreviousChoice,,,inverted_bool,,,,,
9.9.9,Query,NpcRumorIsExistAnswerTopic,,,inverted_bool,,,,,
9.9.9,Query,NpcRumorIsSelectedAllDeny,,,inverted_bool,,,,,
9.9.9,Query,NpcSickCuredBeforeYesterday,,,inverted_bool,,,,,
9.9.9,Query,NpcTreasureBurySuccess,,,inverted_bool,,,,,
9.9.9,Query,NpcTreasureQuestDifficulty,N/A,,int2,,,,,
9.9.9,Query,NpcVisitQuestFailureReason,,VisitType: str,int2,,,,,
9.9.9,Query,NxRegionCode,N/A,,int6,,,,,
9.9.9,Query,OfficeLevel,N/A,,"enum[ResServiceTent0,ResServiceTent1,ResServiceBuilding]",,,,,
9.9.9,Query,OverwriteEquipedMyDesign,,,inverted_bool,,,,,
9.9.9,Query,OwlDonationFakeRate,N/A,,int3,,,,,
9.9.9,Query,OwlDonationFossilComplete,,,inverted_bool,,,,,
9.9.9,Query,OwlDonationFossilIsParts,,,inverted_bool,,,,,
9.9.9,Query,OwlDonationItemType,N/A,,"enum[Insect,NintendoWhatAreYouHiding,FossilUnknown,Fossil,FishOrDiveFish,PictureOrSculpture,PictureFakeOrSculptureFake]",,,,,
9.9.9,Query,OwlDonationSameItem,,,inverted_bool,,,,,
9.9.9,Query,OwlIsDonation,,DonationCheckItemType: str,inverted_bool,,,,,
9.9.9,Query,OwlMuseumCompleteRoomType,N/A,,int7,,,,,
9.9.9,Query,OwlMuseumMultiComplete,,,inverted_bool,,,,,
9.9.9,Query,PassDaysSincePreviousGrowUp,,,inverted_bool,,,,,
9.9.9,Query,PercentChoice,,Percent: int,inverted_bool,,,,,
9.9.9,Query,PercentChoice3,,PercentA: int; PercentB: int; PercentC: int,int3,,,,,
9.9.9,Query,PinataResult,N/A,,int3,,,,,
9.9.9,Query,PlayAccountIsPlayerVillager,,,inverted_bool,,,,,
9.9.9,Query,PlayerBedWaitCanopy,,,inverted_bool,,,,,
9.9.9,Query,PlayerBirthdayIsSpecialDay,N/A,,int7,,,,,
9.9.9,Query,PlayerCheckAI,,PlayerEventFlowAI: str,inverted_bool,,,,,
9.9.9,Query,PlayerCheckWaitType,,PlayerWaitType: str,inverted_bool,,,,,
9.9.9,Query,PlayerFind,,,inverted_bool,,,,,
9.9.9,Query,PlayerGender,N/A,,int2,,,,,
9.9.9,Query,PlayerGetDemoCheckItem,,CheckItem: str,inverted_bool,,,,,
9.9.9,Query,PlayerGetDemoCollectStatus,,PlayerGetDemoCollectStatus: str,inverted_bool,,,,,
9.9.9,Query,PlayerGetEasterEggRecipe,,,inverted_bool,,,,,
9.9.9,Query,PlayerHasCampCraftRecipe,,,inverted_bool,,,,,
9.9.9,Query,PlayerHasCraftRecipe,,ItemUniqueId: int; UnlockType: str,inverted_bool,,,,,"for ItemUniqueId=65534, checks if all UnlockType DIYs are learned"
9.9.9,Query,PlayerHasExchaneableItem,,CheckKindBury: bool; CheckKindPut: bool; CheckKindFishAndDiveFish: bool; CheckKindInsect: bool,inverted_bool,,,,,
9.9.9,Query,PlayerHasLoan,,,bool,,,,,
9.9.9,Query,PlayerHouseLevel,N/A,,"enum[Homeless,PlacedTent,BaseHouse,HouseExpansion1,BackRoom,LeftRoom,RightRoom,SecondFloor,Basement]",,,,,
1.0.0,Query,PlayerIsEquipItem,,EquipRequireType: str; PutawayType: bool; ItemUniqueID1: int; ItemUniqueID2: int; ItemUniqueID3: int; ItemUniqueID4: int; ItemUniqueID5: int; ItemUniqueID6: int; ItemUniqueID7: int; ItemUniqueID8: int,inverted_bool,,,,,
9.9.9,Query,PlayerIsEquipItem,,EquipRequireType: str; PutawayType: bool; ReferenceLook: bool; ItemUniqueID1: int; ItemUniqueID2: int; ItemUniqueID3: int; ItemUniqueID4: int; ItemUniqueID5: int; ItemUniqueID6: int; ItemUniqueID7: int; ItemUniqueID8: int,inverted_bool,,,,,
9.9.9,Query,PlayerIsForbidMainChange,,,inverted_bool,,,,,
9.9.9,Query,PlayerIsMadeCraftRecipe,,CheckMode: str; MadeItemID0: int; MadeItemID1: int; MadeItemID2: int; MadeItemID3: int; MadeItemID4: int; MadeItemID5: int; MadeItemID6: int; MadeItemID7: int,inverted_bool,,,,,
9.9.9,Query,PlayerIsUseCoordinate,,,inverted_bool,,,,,
9.9.9,Query,PlayerOutfitFieldMakeToolKit,N/A,,int4,,,,,
9.9.9,Query,PlayerOutfitMarinesuit,,,inverted_bool,,,,,
9.9.9,Query,PlayerPastDaysFromLastPlay,,Border: int,inverted_bool,,,,,
9.9.9,Query,PlayerVillagerCount,,Count: int,inverted_bool,,,,,
9.9.9,Query,PreviousRegionLanguage,N/A,,int14,,,,,
9.9.9,Query,PurchaseBoxFreeQuery2,,PurchaseBoxQueryType: str; SellTotal: int,inverted_bool,,,,,
9.9.9,Query,PynCheckCraftItemNum,,SetNum: int,inverted_bool,,,,,
9.9.9,Query,PynHaveExchangeItemEnough,,,inverted_bool,,,,,
9.9.9,Query,PynIsEnableToExchangeEgg,,,inverted_bool,,,,,
9.9.9,Query,RandomChoice2,,ChoiceNumber: int,int2,,,,,
9.9.9,Query,RandomChoice3,,ChoiceNumber: int,int3,,,,,
9.9.9,Query,RandomChoice4,,ChoiceNumber: int,int4,,,,,
9.9.9,Query,RandomChoice5,,ChoiceNumber: int,int5,,,,,
9.9.9,Query,RandomChoice6,,ChoiceNumber: int,int6,,,,,
9.9.9,Query,RandomChoice7,,ChoiceNumber: int,int7,,,,,
9.9.9,Query,RandomChoiceExcludePrevious10,,ChoiceNumber: int; IsSetSpeakerChoiceResult: bool,int10,,,,,
9.9.9,Query,RandomChoiceExcludePrevious2,,ChoiceNumber: int; IsSetSpeakerChoiceResult: bool,int2,,,,,
9.9.9,Query,RandomChoiceExcludePrevious3,,IsSetSpeakerChoiceResult: bool; ChoiceNumber: int,int3,,,,,
9.9.9,Query,RandomChoiceExcludePrevious4,,ChoiceNumber: int; IsSetSpeakerChoiceResult: bool,int4,,,,,
9.9.9,Query,RandomChoiceExcludePrevious5,,ChoiceNumber: int; IsSetSpeakerChoiceResult: bool,int5,,,,,
9.9.9,Query,RandomChoiceExcludePrevious7,,ChoiceNumber: int; IsSetSpeakerChoiceResult: bool,int7,,,,,
9.9.9,Query,RandomChoiceExcludePrevious8,,ChoiceNumber: int; IsSetSpeakerChoiceResult: bool,int8,,,,,
9.9.9,Query,RandomChoiceExcludePrevious9,,ChoiceNumber: int; IsSetSpeakerChoiceResult: bool,int9,,,,,
9.9.9,Query,RcmBuySelectType,N/A,,int2,,,,,
9.9.9,Query,ReservedFutureMail,,,inverted_bool,,,,,
9.9.9,Query,ReservedFutureMailWithPresent,,,inverted_bool,,,,,
9.9.9,Query,RestoreFlagCheck,,,inverted_bool,,,,,
9.9.9,Query,SaveBackupLicenseEnabled,,,bool,,,,,
9.9.9,Query,SaveCompareBackupAgentNSAID,,,bool,,,,,
9.9.9,Query,SaveIsBroken,,,bool,,,,,
9.9.9,Query,SaveIsDownloadableBackupInfoGreaterThan,,Count: int,bool,,,,,
9.9.9,Query,SaveIsDownloadedBackup,,,bool,,,,,
9.9.9,Query,SaveIsEnabledBackupSetting,,,bool,,,,,
9.9.9,Query,SaveIsExist,,,bool,,,,,
9.9.9,Query,SaveIsNotFound,,,bool,,,,,
9.9.9,Query,SaveIsOnBackupRestoringSettingNotice,,,bool,,,,,
9.9.9,Query,SaveIsSucceededDownloadableBackupInfoListup,,,bool,,,,,
9.9.9,Query,SaveLastBackupElapsedDaysGreaterThan,,Days: int,bool,,,,,
9.9.9,Query,SaveProcIsSuccess,,,bool,,,,,
9.9.9,Query,SaveRestoreSeqStartCheck,,,bool,,,,,
9.9.9,Query,SaveVersionCheck,N/A,,int,,,,,
9.9.9,Query,SelectCeremony,N/A,,int8,,,,,
9.9.9,Query,SeoAppearSide,N/A,,int2,,,,,
9.9.9,Query,SeoCanReturnSwim,,,inverted_bool,,,,,
9.9.9,Query,SettlerQuest,N/A,,int4,,,,,
9.9.9,Query,ShopHasBellCount,,Rate: float,inverted_bool,,,,,
9.9.9,Query,ShopLevel,N/A,,"enum[InResServiceTent,NooksCrannyInitial,NooksCrannyUpgraded]",,,,,
9.9.9,Query,ShoppingCapacity,Yes,CapacityCheckType: Enum61c5b016f883; ItemUniqueId: int,inverted_bool,,,,,
9.9.9,Query,SkyVariation,N/A,,int6,,,,,
9.9.9,Query,SloNoneWeatherBush,Yes,,inverted_bool,,,,,
9.9.9,Query,SlopeNum,Yes,SlopeJudgeType: Enumbcb5aca4fee1; Num: int,bool,int,,<.name>(<SlopeJudgeType>) < <Num>,<.name>(<SlopeJudgeType>) >= <Num>,
9.9.9,Query,SnowManAge,N/A,,int4,,,,,
9.9.9,Query,SnowManGrade,N/A,,int4,,,,,
9.9.9,Query,SnowManIsHeadSmallerThanBody,Yes,,inverted_bool,,,,,strictly smaller
9.9.9,Query,SnowManIsSnowMeltSeason,Yes,,inverted_bool,,,,,checks if Snow_N/Snow_S in SeasonCalendar is not 2
9.9.9,Query,SubflowResultChoice10,Yes,SetIndex: int,int10,,,SubflowResults[<SetIndex>],,
9.9.9,Query,SubflowResultChoice2,Yes,SetIndex: int,int2,,,SubflowResults[<SetIndex>],,
9.9.9,Query,SubflowResultChoice3,Yes,SetIndex: int,int3,,,SubflowResults[<SetIndex>],,
9.9.9,Query,SubflowResultChoice4,Yes,SetIndex: int,int4,,,SubflowResults[<SetIndex>],,
9.9.9,Query,SubflowResultChoice5,Yes,SetIndex: int,int5,,,SubflowResults[<SetIndex>],,
9.9.9,Query,SubflowResultChoice6,Yes,SetIndex: int,int6,,,SubflowResults[<SetIndex>],,
9.9.9,Query,SubflowResultChoice7,Yes,SetIndex: int,int7,,,SubflowResults[<SetIndex>],,
9.9.9,Query,SubflowResultChoice8,Yes,SetIndex: int,int8,,,SubflowResults[<SetIndex>],,
9.9.9,Query,SubflowResultChoice9,Yes,SetIndex: int,int9,,,SubflowResults[<SetIndex>],,
9.9.9,Query,SystemCheckNowStage,Yes,CheckStage: Enumc94389d0ee08,inverted_bool,,,,,
9.9.9,Query,SystemCheckPastDaysFromPlayerMade,Yes,CheckDays: int,bool,,,<.actor>.SystemPastDaysFromPlayerMade() < <CheckDays>,<.actor>.SystemPastDaysFromPlayerMade() >= <CheckDays>,
pseudo,Query,SystemPastDaysFromPlayerMade,N/A,,,,,,,from SystemCheckPastDaysFromPlayerMade
9.9.9,Query,SystemCheckPlayerTool,N/A,,int22,,,,,
9.9.9,Query,SystemCountPlayerNum,Yes,Border: int,bool,,,<.actor>.SystemPlayerNum < <Border>,<.actor>.SystemPlayerNum >= <Border>,
pseudo,Query,SYstemPlayerNum,N/A,,,int,,,,from SystemCountPlayerNum
9.9.9,Query,SystemHasBaggageSpace,Yes,CheckNum: int; CheckTargrt: str,bool,,,<.actor>.SystemBaggageSpace(<CheckTargrt>) < <CheckNum>,<.actor>.SystemBaggageSpace(<CheckTargrt>) >= <CheckNum>,
pseudo,Query,SystemBaggageSpace,N/A,CheckTargrt: str,,int,,,,from SystemHasBaggageSpace
9.9.9,Query,SystemIsCanNotLookFace,Yes,,inverted_bool,,,,,
9.9.9,Query,SystemIsCorrectFaceCard,,,inverted_bool,,,,,
9.9.9,Query,SystemIsInviteQuestNpcEntered,Yes,,inverted_bool,,,,,
9.9.9,Query,SystemIsVisitQuestPlayerEntered,Yes,,inverted_bool,,,,,
9.9.9,Query,SystemRadioPlayMusic,Yes,,inverted_bool,,,,,
9.9.9,Query,SystemVisitQuestKind,Yes,VisitType: Enum5310535578c8,bool,,,,,
9.9.9,Query,TermEventNow,Yes,EventLabelString: str; CheckNowTime: bool,inverted_bool,,,,,
9.9.9,Query,TkkFreeQuery2,Yes,TkkQueryType: Enum2ef1a384c3e7,inverted_bool,,,,,
9.9.9,Query,TkkLiveType,N/A,,int3,,,,,
9.9.9,Query,TkkQeruestMethodType,N/A,,int3,,,,,
9.9.9,Query,TkkRequestFeeling,N/A,,int5,,,,,
9.9.9,Query,ToCatnap,Yes,,inverted_bool,,,,,
9.9.9,Query,ToCatnapAgain,Yes,,inverted_bool,,,,,
9.9.9,Query,TodayIsNpcBirthday,Yes,,inverted_bool,,,,,
9.9.9,Query,UICheckSelectedItemPrice,Yes,Border: int; JudgeTarget: Enum8b1826325233,bool,,,<.actor>.UISelectedItemPrice(<JudgeTarget>) >= <Border>,<.actor>.UISelectedItemPrice(<JudgeTarget>) < <Border>,
pseudo,Query,UISelectedItemPrice,N/A,JudgeTarget: Enum8b1826325233,,int,,,,from UICheckSelectedItemPrice
9.9.9,Query,UIClosetItemNum,N/A,,int5,,,,,
9.9.9,Query,UIGetMessageCardEditCancelStatus,N/A,,int3,,,,,
9.9.9,Query,UIIllegalReportResult,Yes,,inverted_bool,,,,,
9.9.9,Query,UIIsAdrSelect,Yes,,inverted_bool,,,,,
9.9.9,Query,UIIsCatalogBootSmartPhone,Yes,,inverted_bool,,,,,
9.9.9,Query,UIIsExistCoordinateSet,Yes,,inverted_bool,,,,,
9.9.9,Query,UIIsRegisteredMyDesignFireworks,,,inverted_bool,,,,,
9.9.9,Query,UIManageFutureMessage,Yes,,inverted_bool,,,,,
9.9.9,Query,UIManageUnfinishedMessage,N/A,,int4,,,,,
9.9.9,Query,UIMiniGameCanStart,Yes,,inverted_bool,,,,,
9.9.9,Query,UIMyDesignDownloadWindowChoiceResult,N/A,,int3,,,,,
9.9.9,Query,UIMyDesignExchangeUploadResult,N/A,,int3,,,,,
9.9.9,Query,UIPocketMenuItemSelected,Yes,ItemUniqueID: int,inverted_bool,,,,,
9.9.9,Query,UIRemoveStructureType,N/A,,int2,,,,,
9.9.9,Query,UIResultHousingKitNpcType,N/A,,int2,,,,,
9.9.9,Query,UIResultItemWindowNumCheck,Yes,Num: int; JudgeTarget: Enum8b1826325233,inverted_bool,,,,,
9.9.9,Query,UIResultMelodyEdit,N/A,,int3,,,,,
9.9.9,Query,UIResultMenuDecide,Yes,,inverted_bool,,,,,
9.9.9,Query,UISelectedItemCanMoveChest,,,inverted_bool,,,,,
1.0.0,Query,UISelectedItemIsEquiped,,TargetCharacter: int; JudgeTarget: str,inverted_bool,,,,,
9.9.9,Query,UISelectedItemIsEquiped,Yes,TargetCharacter: int; JudgeTarget: Enum8b1826325233; ReferenceLook: bool,inverted_bool,,,,,
9.9.9,Query,UISelectedItemIsWrapping,Yes,JudgeTarget: Enum8b1826325233,inverted_bool,,,,,
9.9.9,Query,UIShopBuyTailorIsWear,Yes,,inverted_bool,,,,,
9.9.9,Query,UIShopBuyTailorResult,N/A,,int5,,,,,
9.9.9,Query,UITitleResult,N/A,,int3,,,,,
9.9.9,Query,UnfinishMailToType,N/A,,int5,,,,,
9.9.9,Query,VillageFlower,Yes,VillageFlowerType: Enum2b489e742902,int8,,,,,
9.9.9,Query,VillagerNpcNum,Yes,Num: int; IncludeNotLiving: bool,bool,int,,<.name>(<IncludeNotLiving>) < <Num>,<.name>(<IncludeNotLiving>) >= <Num>,
9.9.9,Query,VillageScoreCheckLife,Yes,BorderValue: float,bool,,,<.actor>.VillageScoreLife() >= <BorderValue>,<.actor>.VillageScoreLife() < <BorderValue>,
pseudo,Query,VillageScoreLife,N/A,,,float,,,,from VillageScoreCheckLife
9.9.9,Query,VillageScoreCheckLifeDeltaBeforeDay,Yes,DeltaPoint: int,bool,,,<.actor>.VillageScoreLifeDeltaBeforeDay() >= <DeltaPoint>,<.actor>.VillageScoreLifeDeltaBeforeDay() < <DeltaPoint>,
pseudo,Query,VillageScoreLifeDeltaBeforeDay,N/A,,,int,,,,from VillageScoreCheckLifeDeltaBeforeDay
9.9.9,Query,VillageScoreCheckNatural,Yes,BorderValue: float,bool,,,<.actor>.VillageScoreNatural() >= <BorderValue>,<.actor>.VillageScoreNatural() < <BorderValue>,
pseudo,Query,VillageScoreNatural,N/A,,,float,,,,from VillageScoreCheckNatural
9.9.9,Query,VillageScoreCheckNaturalDeltaBeforeDay,Yes,DeltaPoint: int,bool,,,<.actor>.VillageScoreNaturalDeltaBeforeDay() >= <DeltaPoint>,<.actor>.VillageScoreNaturalDeltaBeforeDay() < <DeltaPoint>,
pseudo,Query,VillageScoreNaturalDeltaBeforeDay,N/A,,,int,,,,from VillageScoreCheckNaturalDeltaBeforeDay
9.9.9,Query,VillageScoreCheckTreeNum,Yes,BorderNum: int,bool,,,<.actor>.VillageScoreTreeNum() >= <BorderNum>,<.actor>.VillageScoreTreeNum() < <BorderNum>,
pseudo,Query,VillageScoreTreeNum,N/A,,,int,,,,from VillageScoreCheckTreeNum
9.9.9,Query,VillageScorePutUnitIconNum,Yes,BorderValue: int,bool,int,,<.name> >= <BorderValue>,<.name> < <BorderValue>,
9.9.9,Query,VillageScoreVeryMessy,Yes,BorderHalfUnit: int; BorderBlockNum: int,bool,,,,,check if at least BorderBlockNum entries in VillageScore.CollisionNum are at least BorderHalfUnit
9.9.9,Query,YMD,Yes,Year: int; Month: int; Day: int; TimeType: Enumf8312ee2e001,int3,,,,,